evicted_count,layer_bin,layer_label,layer_source,layer_source_label,policy,retained_count,retention_fraction,role,token_bin
0.0,0,L00-L03,explicit_layer,explicit layer column,none,4454.0,1.0,system,0
0.0,0,L00-L03,explicit_layer,explicit layer column,none,6733.0,1.0,system,1
0.0,0,L00-L03,explicit_layer,explicit layer column,none,7196.0,1.0,system,2
0.0,0,L00-L03,explicit_layer,explicit layer column,none,8699.0,1.0,system,3
0.0,0,L00-L03,explicit_layer,explicit layer column,none,8997.0,1.0,system,4
0.0,0,L00-L03,explicit_layer,explicit layer column,none,8337.0,1.0,system,5
0.0,0,L00-L03,explicit_layer,explicit layer column,none,8605.0,1.0,system,6
0.0,0,L00-L03,explicit_layer,explicit layer column,none,7761.0,1.0,system,7
0.0,0,L00-L03,explicit_layer,explicit layer column,none,7895.0,1.0,system,8
0.0,0,L00-L03,explicit_layer,explicit layer column,none,7228.0,1.0,system,9
0.0,0,L00-L03,explicit_layer,explicit layer column,none,6830.0,1.0,system,10
0.0,0,L00-L03,explicit_layer,explicit layer column,none,5690.0,1.0,system,11
0.0,0,L00-L03,explicit_layer,explicit layer column,none,6547.0,1.0,system,12
0.0,0,L00-L03,explicit_layer,explicit layer column,none,5399.0,1.0,system,13
0.0,0,L00-L03,explicit_layer,explicit layer column,none,5069.0,1.0,system,14
0.0,0,L00-L03,explicit_layer,explicit layer column,none,4338.0,1.0,system,15
0.0,0,L00-L03,explicit_layer,explicit layer column,none,5116.0,1.0,system,16
0.0,0,L00-L03,explicit_layer,explicit layer column,none,3865.0,1.0,system,17
0.0,0,L00-L03,explicit_layer,explicit layer column,none,3990.0,1.0,system,18
0.0,0,L00-L03,explicit_layer,explicit layer column,none,3024.0,1.0,system,19
0.0,0,L00-L03,explicit_layer,explicit layer column,none,2924.0,1.0,system,20
0.0,0,L00-L03,explicit_layer,explicit layer column,none,2733.0,1.0,system,21
0.0,0,L00-L03,explicit_layer,explicit layer column,none,2361.0,1.0,system,22
0.0,0,L00-L03,explicit_layer,explicit layer column,none,1887.0,1.0,system,23
0.0,0,L00-L03,explicit_layer,explicit layer column,none,2263.0,1.0,system,24
0.0,0,L00-L03,explicit_layer,explicit layer column,none,1799.0,1.0,system,25
0.0,0,L00-L03,explicit_layer,explicit layer column,none,1650.0,1.0,system,26
0.0,0,L00-L03,explicit_layer,explicit layer column,none,1492.0,1.0,system,27
0.0,0,L00-L03,explicit_layer,explicit layer column,none,1354.0,1.0,system,28
0.0,0,L00-L03,explicit_layer,explicit layer column,none,1199.0,1.0,system,29
0.0,0,L00-L03,explicit_layer,explicit layer column,none,1137.0,1.0,system,30
0.0,0,L00-L03,explicit_layer,explicit layer column,none,862.0,1.0,system,31
0.0,0,L00-L03,explicit_layer,explicit layer column,none,836.0,1.0,system,32
0.0,0,L00-L03,explicit_layer,explicit layer column,none,578.0,1.0,system,33
0.0,0,L00-L03,explicit_layer,explicit layer column,none,486.0,1.0,system,34
0.0,0,L00-L03,explicit_layer,explicit layer column,none,275.0,1.0,system,35
0.0,0,L00-L03,explicit_layer,explicit layer column,none,205.0,1.0,system,36
0.0,0,L00-L03,explicit_layer,explicit layer column,none,85.0,1.0,system,37
0.0,0,L00-L03,explicit_layer,explicit layer column,none,31.0,1.0,system,38
0.0,0,L00-L03,explicit_layer,explicit layer column,none,5.0,1.0,system,39
0.0,0,L00-L03,explicit_layer,explicit layer column,none,11780.0,1.0,template,0
0.0,0,L00-L03,explicit_layer,explicit layer column,none,5595.0,1.0,template,1
0.0,0,L00-L03,explicit_layer,explicit layer column,none,3311.0,1.0,template,2
0.0,0,L00-L03,explicit_layer,explicit layer column,none,533.0,1.0,template,3
0.0,0,L00-L03,explicit_layer,explicit layer column,none,148.0,1.0,template,4
0.0,0,L00-L03,explicit_layer,explicit layer column,none,215.0,1.0,template,5
0.0,0,L00-L03,explicit_layer,explicit layer column,none,213.0,1.0,template,6
0.0,0,L00-L03,explicit_layer,explicit layer column,none,372.0,1.0,template,7
0.0,0,L00-L03,explicit_layer,explicit layer column,none,610.0,1.0,template,8
0.0,0,L00-L03,explicit_layer,explicit layer column,none,823.0,1.0,template,9
0.0,0,L00-L03,explicit_layer,explicit layer column,none,961.0,1.0,template,10
0.0,0,L00-L03,explicit_layer,explicit layer column,none,913.0,1.0,template,11
0.0,0,L00-L03,explicit_layer,explicit layer column,none,1129.0,1.0,template,12
0.0,0,L00-L03,explicit_layer,explicit layer column,none,1096.0,1.0,template,13
0.0,0,L00-L03,explicit_layer,explicit layer column,none,1041.0,1.0,template,14
0.0,0,L00-L03,explicit_layer,explicit layer column,none,969.0,1.0,template,15
0.0,0,L00-L03,explicit_layer,explicit layer column,none,1233.0,1.0,template,16
0.0,0,L00-L03,explicit_layer,explicit layer column,none,1255.0,1.0,template,17
0.0,0,L00-L03,explicit_layer,explicit layer column,none,1482.0,1.0,template,18
0.0,0,L00-L03,explicit_layer,explicit layer column,none,1527.0,1.0,template,19
0.0,0,L00-L03,explicit_layer,explicit layer column,none,1770.0,1.0,template,20
0.0,0,L00-L03,explicit_layer,explicit layer column,none,1594.0,1.0,template,21
0.0,0,L00-L03,explicit_layer,explicit layer column,none,1772.0,1.0,template,22
0.0,0,L00-L03,explicit_layer,explicit layer column,none,1017.0,1.0,template,23
0.0,0,L00-L03,explicit_layer,explicit layer column,none,1832.0,1.0,template,24
0.0,0,L00-L03,explicit_layer,explicit layer column,none,1250.0,1.0,template,25
0.0,0,L00-L03,explicit_layer,explicit layer column,none,1033.0,1.0,template,26
0.0,0,L00-L03,explicit_layer,explicit layer column,none,932.0,1.0,template,27
0.0,0,L00-L03,explicit_layer,explicit layer column,none,781.0,1.0,template,28
0.0,0,L00-L03,explicit_layer,explicit layer column,none,662.0,1.0,template,29
0.0,0,L00-L03,explicit_layer,explicit layer column,none,686.0,1.0,template,30
0.0,0,L00-L03,explicit_layer,explicit layer column,none,381.0,1.0,template,31
0.0,0,L00-L03,explicit_layer,explicit layer column,none,516.0,1.0,template,32
0.0,0,L00-L03,explicit_layer,explicit layer column,none,496.0,1.0,template,33
0.0,0,L00-L03,explicit_layer,explicit layer column,none,385.0,1.0,template,34
0.0,0,L00-L03,explicit_layer,explicit layer column,none,407.0,1.0,template,35
0.0,0,L00-L03,explicit_layer,explicit layer column,none,390.0,1.0,template,36
0.0,0,L00-L03,explicit_layer,explicit layer column,none,346.0,1.0,template,37
0.0,0,L00-L03,explicit_layer,explicit layer column,none,259.0,1.0,template,38
0.0,0,L00-L03,explicit_layer,explicit layer column,none,182.0,1.0,template,39
0.0,0,L00-L03,explicit_layer,explicit layer column,none,101.0,1.0,template,40
0.0,0,L00-L03,explicit_layer,explicit layer column,none,214.0,1.0,template,41
0.0,0,L00-L03,explicit_layer,explicit layer column,none,1161.0,1.0,template,42
0.0,0,L00-L03,explicit_layer,explicit layer column,none,2221.0,1.0,template,43
0.0,0,L00-L03,explicit_layer,explicit layer column,none,3000.0,1.0,template,44
0.0,0,L00-L03,explicit_layer,explicit layer column,none,5074.0,1.0,template,45
0.0,0,L00-L03,explicit_layer,explicit layer column,none,8156.0,1.0,template,46
0.0,0,L00-L03,explicit_layer,explicit layer column,none,6236.0,1.0,template,47
0.0,0,L00-L03,explicit_layer,explicit layer column,none,687.0,1.0,user,0
0.0,0,L00-L03,explicit_layer,explicit layer column,none,2808.0,1.0,user,1
0.0,0,L00-L03,explicit_layer,explicit layer column,none,4257.0,1.0,user,2
0.0,0,L00-L03,explicit_layer,explicit layer column,none,5248.0,1.0,user,3
0.0,0,L00-L03,explicit_layer,explicit layer column,none,5570.0,1.0,user,4
0.0,0,L00-L03,explicit_layer,explicit layer column,none,5675.0,1.0,user,5
0.0,0,L00-L03,explicit_layer,explicit layer column,none,6028.0,1.0,user,6
0.0,0,L00-L03,explicit_layer,explicit layer column,none,6092.0,1.0,user,7
0.0,0,L00-L03,explicit_layer,explicit layer column,none,6337.0,1.0,user,8
0.0,0,L00-L03,explicit_layer,explicit layer column,none,6610.0,1.0,user,9
0.0,0,L00-L03,explicit_layer,explicit layer column,none,6905.0,1.0,user,10
0.0,0,L00-L03,explicit_layer,explicit layer column,none,7195.0,1.0,user,11
0.0,0,L00-L03,explicit_layer,explicit layer column,none,7740.0,1.0,user,12
0.0,0,L00-L03,explicit_layer,explicit layer column,none,7940.0,1.0,user,13
0.0,0,L00-L03,explicit_layer,explicit layer column,none,8323.0,1.0,user,14
0.0,0,L00-L03,explicit_layer,explicit layer column,none,8442.0,1.0,user,15
0.0,0,L00-L03,explicit_layer,explicit layer column,none,9208.0,1.0,user,16
0.0,0,L00-L03,explicit_layer,explicit layer column,none,9127.0,1.0,user,17
0.0,0,L00-L03,explicit_layer,explicit layer column,none,9586.0,1.0,user,18
0.0,0,L00-L03,explicit_layer,explicit layer column,none,9668.0,1.0,user,19
0.0,0,L00-L03,explicit_layer,explicit layer column,none,9960.0,1.0,user,20
0.0,0,L00-L03,explicit_layer,explicit layer column,none,10300.0,1.0,user,21
0.0,0,L00-L03,explicit_layer,explicit layer column,none,10616.0,1.0,user,22
0.0,0,L00-L03,explicit_layer,explicit layer column,none,9992.0,1.0,user,23
0.0,0,L00-L03,explicit_layer,explicit layer column,none,11915.0,1.0,user,24
0.0,0,L00-L03,explicit_layer,explicit layer column,none,11647.0,1.0,user,25
0.0,0,L00-L03,explicit_layer,explicit layer column,none,11731.0,1.0,user,26
0.0,0,L00-L03,explicit_layer,explicit layer column,none,12134.0,1.0,user,27
0.0,0,L00-L03,explicit_layer,explicit layer column,none,12446.0,1.0,user,28
0.0,0,L00-L03,explicit_layer,explicit layer column,none,12529.0,1.0,user,29
0.0,0,L00-L03,explicit_layer,explicit layer column,none,13092.0,1.0,user,30
0.0,0,L00-L03,explicit_layer,explicit layer column,none,12349.0,1.0,user,31
0.0,0,L00-L03,explicit_layer,explicit layer column,none,14096.0,1.0,user,32
0.0,0,L00-L03,explicit_layer,explicit layer column,none,13572.0,1.0,user,33
0.0,0,L00-L03,explicit_layer,explicit layer column,none,13617.0,1.0,user,34
0.0,0,L00-L03,explicit_layer,explicit layer column,none,13278.0,1.0,user,35
0.0,0,L00-L03,explicit_layer,explicit layer column,none,14659.0,1.0,user,36
0.0,0,L00-L03,explicit_layer,explicit layer column,none,14212.0,1.0,user,37
0.0,0,L00-L03,explicit_layer,explicit layer column,none,14158.0,1.0,user,38
0.0,0,L00-L03,explicit_layer,explicit layer column,none,14014.0,1.0,user,39
0.0,0,L00-L03,explicit_layer,explicit layer column,none,15031.0,1.0,user,40
0.0,0,L00-L03,explicit_layer,explicit layer column,none,13964.0,1.0,user,41
0.0,0,L00-L03,explicit_layer,explicit layer column,none,13734.0,1.0,user,42
0.0,0,L00-L03,explicit_layer,explicit layer column,none,12132.0,1.0,user,43
0.0,0,L00-L03,explicit_layer,explicit layer column,none,11576.0,1.0,user,44
0.0,0,L00-L03,explicit_layer,explicit layer column,none,9903.0,1.0,user,45
0.0,0,L00-L03,explicit_layer,explicit layer column,none,7033.0,1.0,user,46
0.0,0,L00-L03,explicit_layer,explicit layer column,none,4322.0,1.0,user,47
0.0,0,L00-L03,explicit_layer,explicit layer column,policy_pinned__budget128__sink8,4454.0,1.0,system,0
0.0,0,L00-L03,explicit_layer,explicit layer column,policy_pinned__budget128__sink8,6733.0,1.0,system,1
0.0,0,L00-L03,explicit_layer,explicit layer column,policy_pinned__budget128__sink8,7196.0,1.0,system,2
0.0,0,L00-L03,explicit_layer,explicit layer column,policy_pinned__budget128__sink8,8699.0,1.0,system,3
0.0,0,L00-L03,explicit_layer,explicit layer column,policy_pinned__budget128__sink8,8997.0,1.0,system,4
0.0,0,L00-L03,explicit_layer,explicit layer column,policy_pinned__budget128__sink8,8337.0,1.0,system,5
0.0,0,L00-L03,explicit_layer,explicit layer column,policy_pinned__budget128__sink8,8605.0,1.0,system,6
0.0,0,L00-L03,explicit_layer,explicit layer column,policy_pinned__budget128__sink8,7761.0,1.0,system,7
0.0,0,L00-L03,explicit_layer,explicit layer column,policy_pinned__budget128__sink8,7895.0,1.0,system,8
0.0,0,L00-L03,explicit_layer,explicit layer column,policy_pinned__budget128__sink8,7228.0,1.0,system,9
0.0,0,L00-L03,explicit_layer,explicit layer column,policy_pinned__budget128__sink8,6830.0,1.0,system,10
0.0,0,L00-L03,explicit_layer,explicit layer column,policy_pinned__budget128__sink8,5690.0,1.0,system,11
0.0,0,L00-L03,explicit_layer,explicit layer column,policy_pinned__budget128__sink8,6547.0,1.0,system,12
0.0,0,L00-L03,explicit_layer,explicit layer column,policy_pinned__budget128__sink8,5399.0,1.0,system,13
0.0,0,L00-L03,explicit_layer,explicit layer column,policy_pinned__budget128__sink8,5069.0,1.0,system,14
0.0,0,L00-L03,explicit_layer,explicit layer column,policy_pinned__budget128__sink8,4338.0,1.0,system,15
0.0,0,L00-L03,explicit_layer,explicit layer column,policy_pinned__budget128__sink8,5116.0,1.0,system,16
0.0,0,L00-L03,explicit_layer,explicit layer column,policy_pinned__budget128__sink8,3865.0,1.0,system,17
0.0,0,L00-L03,explicit_layer,explicit layer column,policy_pinned__budget128__sink8,3990.0,1.0,system,18
0.0,0,L00-L03,explicit_layer,explicit layer column,policy_pinned__budget128__sink8,3024.0,1.0,system,19
0.0,0,L00-L03,explicit_layer,explicit layer column,policy_pinned__budget128__sink8,2924.0,1.0,system,20
0.0,0,L00-L03,explicit_layer,explicit layer column,policy_pinned__budget128__sink8,2733.0,1.0,system,21
0.0,0,L00-L03,explicit_layer,explicit layer column,policy_pinned__budget128__sink8,2361.0,1.0,system,22
0.0,0,L00-L03,explicit_layer,explicit layer column,policy_pinned__budget128__sink8,1887.0,1.0,system,23
0.0,0,L00-L03,explicit_layer,explicit layer column,policy_pinned__budget128__sink8,2263.0,1.0,system,24
0.0,0,L00-L03,explicit_layer,explicit layer column,policy_pinned__budget128__sink8,1799.0,1.0,system,25
0.0,0,L00-L03,explicit_layer,explicit layer column,policy_pinned__budget128__sink8,1650.0,1.0,system,26
0.0,0,L00-L03,explicit_layer,explicit layer column,policy_pinned__budget128__sink8,1492.0,1.0,system,27
0.0,0,L00-L03,explicit_layer,explicit layer column,policy_pinned__budget128__sink8,1354.0,1.0,system,28
0.0,0,L00-L03,explicit_layer,explicit layer column,policy_pinned__budget128__sink8,1199.0,1.0,system,29
0.0,0,L00-L03,explicit_layer,explicit layer column,policy_pinned__budget128__sink8,1137.0,1.0,system,30
0.0,0,L00-L03,explicit_layer,explicit layer column,policy_pinned__budget128__sink8,862.0,1.0,system,31
0.0,0,L00-L03,explicit_layer,explicit layer column,policy_pinned__budget128__sink8,836.0,1.0,system,32
0.0,0,L00-L03,explicit_layer,explicit layer column,policy_pinned__budget128__sink8,578.0,1.0,system,33
0.0,0,L00-L03,explicit_layer,explicit layer column,policy_pinned__budget128__sink8,486.0,1.0,system,34
0.0,0,L00-L03,explicit_layer,explicit layer column,policy_pinned__budget128__sink8,275.0,1.0,system,35
0.0,0,L00-L03,explicit_layer,explicit layer column,policy_pinned__budget128__sink8,205.0,1.0,system,36
0.0,0,L00-L03,explicit_layer,explicit layer column,policy_pinned__budget128__sink8,85.0,1.0,system,37
0.0,0,L00-L03,explicit_layer,explicit layer column,policy_pinned__budget128__sink8,31.0,1.0,system,38
0.0,0,L00-L03,explicit_layer,explicit layer column,policy_pinned__budget128__sink8,5.0,1.0,system,39
269.0,0,L00-L03,explicit_layer,explicit layer column,policy_pinned__budget128__sink8,11511.0,0.9771646859083192,template,0
557.0,0,L00-L03,explicit_layer,explicit layer column,policy_pinned__budget128__sink8,5038.0,0.9004468275245755,template,1
630.0,0,L00-L03,explicit_layer,explicit layer column,policy_pinned__budget128__sink8,2681.0,0.8097251585623678,template,2
248.0,0,L00-L03,explicit_layer,explicit layer column,policy_pinned__budget128__sink8,285.0,0.5347091932457786,template,3
148.0,0,L00-L03,explicit_layer,explicit layer column,policy_pinned__budget128__sink8,0.0,0.0,template,4
215.0,0,L00-L03,explicit_layer,explicit layer column,policy_pinned__budget128__sink8,0.0,0.0,template,5
191.0,0,L00-L03,explicit_layer,explicit layer column,policy_pinned__budget128__sink8,22.0,0.10328638497652583,template,6
180.0,0,L00-L03,explicit_layer,explicit layer column,policy_pinned__budget128__sink8,192.0,0.5161290322580645,template,7
69.0,0,L00-L03,explicit_layer,explicit layer column,policy_pinned__budget128__sink8,541.0,0.8868852459016393,template,8
55.0,0,L00-L03,explicit_layer,explicit layer column,policy_pinned__budget128__sink8,768.0,0.9331713244228432,template,9
48.0,0,L00-L03,explicit_layer,explicit layer column,policy_pinned__budget128__sink8,913.0,0.9500520291363164,template,10
24.0,0,L00-L03,explicit_layer,explicit layer column,policy_pinned__budget128__sink8,889.0,0.9737130339539978,template,11
35.0,0,L00-L03,explicit_layer,explicit layer column,policy_pinned__budget128__sink8,1094.0,0.9689991142604074,template,12
53.0,0,L00-L03,explicit_layer,explicit layer column,policy_pinned__budget128__sink8,1043.0,0.9516423357664233,template,13
71.0,0,L00-L03,explicit_layer,explicit layer column,policy_pinned__budget128__sink8,970.0,0.9317963496637848,template,14
81.0,0,L00-L03,explicit_layer,explicit layer column,policy_pinned__budget128__sink8,888.0,0.9164086687306502,template,15
85.0,0,L00-L03,explicit_layer,explicit layer column,policy_pinned__budget128__sink8,1148.0,0.9310624493106245,template,16
67.0,0,L00-L03,explicit_layer,explicit layer column,policy_pinned__budget128__sink8,1188.0,0.9466135458167331,template,17
120.0,0,L00-L03,explicit_layer,explicit layer column,policy_pinned__budget128__sink8,1362.0,0.9190283400809717,template,18
106.0,0,L00-L03,explicit_layer,explicit layer column,policy_pinned__budget128__sink8,1421.0,0.9305828421741977,template,19
91.0,0,L00-L03,explicit_layer,explicit layer column,policy_pinned__budget128__sink8,1679.0,0.9485875706214689,template,20
97.0,0,L00-L03,explicit_layer,explicit layer column,policy_pinned__budget128__sink8,1497.0,0.939146800501882,template,21
127.0,0,L00-L03,explicit_layer,explicit layer column,policy_pinned__budget128__sink8,1645.0,0.9283295711060948,template,22
78.0,0,L00-L03,explicit_layer,explicit layer column,policy_pinned__budget128__sink8,939.0,0.9233038348082596,template,23
0.0,0,L00-L03,explicit_layer,explicit layer column,policy_pinned__budget128__sink8,1832.0,1.0,template,24
0.0,0,L00-L03,explicit_layer,explicit layer column,policy_pinned__budget128__sink8,1250.0,1.0,template,25
0.0,0,L00-L03,explicit_layer,explicit layer column,policy_pinned__budget128__sink8,1033.0,1.0,template,26
0.0,0,L00-L03,explicit_layer,explicit layer column,policy_pinned__budget128__sink8,932.0,1.0,template,27
0.0,0,L00-L03,explicit_layer,explicit layer column,policy_pinned__budget128__sink8,781.0,1.0,template,28
0.0,0,L00-L03,explicit_layer,explicit layer column,policy_pinned__budget128__sink8,662.0,1.0,template,29
0.0,0,L00-L03,explicit_layer,explicit layer column,policy_pinned__budget128__sink8,686.0,1.0,template,30
0.0,0,L00-L03,explicit_layer,explicit layer column,policy_pinned__budget128__sink8,381.0,1.0,template,31
0.0,0,L00-L03,explicit_layer,explicit layer column,policy_pinned__budget128__sink8,516.0,1.0,template,32
0.0,0,L00-L03,explicit_layer,explicit layer column,policy_pinned__budget128__sink8,496.0,1.0,template,33
0.0,0,L00-L03,explicit_layer,explicit layer column,policy_pinned__budget128__sink8,385.0,1.0,template,34
0.0,0,L00-L03,explicit_layer,explicit layer column,policy_pinned__budget128__sink8,407.0,1.0,template,35
0.0,0,L00-L03,explicit_layer,explicit layer column,policy_pinned__budget128__sink8,390.0,1.0,template,36
0.0,0,L00-L03,explicit_layer,explicit layer column,policy_pinned__budget128__sink8,346.0,1.0,template,37
0.0,0,L00-L03,explicit_layer,explicit layer column,policy_pinned__budget128__sink8,259.0,1.0,template,38
0.0,0,L00-L03,explicit_layer,explicit layer column,policy_pinned__budget128__sink8,182.0,1.0,template,39
0.0,0,L00-L03,explicit_layer,explicit layer column,policy_pinned__budget128__sink8,101.0,1.0,template,40
0.0,0,L00-L03,explicit_layer,explicit layer column,policy_pinned__budget128__sink8,214.0,1.0,template,41
0.0,0,L00-L03,explicit_layer,explicit layer column,policy_pinned__budget128__sink8,1161.0,1.0,template,42
0.0,0,L00-L03,explicit_layer,explicit layer column,policy_pinned__budget128__sink8,2221.0,1.0,template,43
0.0,0,L00-L03,explicit_layer,explicit layer column,policy_pinned__budget128__sink8,3000.0,1.0,template,44
0.0,0,L00-L03,explicit_layer,explicit layer column,policy_pinned__budget128__sink8,5074.0,1.0,template,45
0.0,0,L00-L03,explicit_layer,explicit layer column,policy_pinned__budget128__sink8,8156.0,1.0,template,46
0.0,0,L00-L03,explicit_layer,explicit layer column,policy_pinned__budget128__sink8,6236.0,1.0,template,47
687.0,0,L00-L03,explicit_layer,explicit layer column,policy_pinned__budget128__sink8,0.0,0.0,user,0
2808.0,0,L00-L03,explicit_layer,explicit layer column,policy_pinned__budget128__sink8,0.0,0.0,user,1
4257.0,0,L00-L03,explicit_layer,explicit layer column,policy_pinned__budget128__sink8,0.0,0.0,user,2
5248.0,0,L00-L03,explicit_layer,explicit layer column,policy_pinned__budget128__sink8,0.0,0.0,user,3
5570.0,0,L00-L03,explicit_layer,explicit layer column,policy_pinned__budget128__sink8,0.0,0.0,user,4
5675.0,0,L00-L03,explicit_layer,explicit layer column,policy_pinned__budget128__sink8,0.0,0.0,user,5
6028.0,0,L00-L03,explicit_layer,explicit layer column,policy_pinned__budget128__sink8,0.0,0.0,user,6
6084.0,0,L00-L03,explicit_layer,explicit layer column,policy_pinned__budget128__sink8,8.0,0.0013131976362442547,user,7
6283.0,0,L00-L03,explicit_layer,explicit layer column,policy_pinned__budget128__sink8,54.0,0.008521382357582452,user,8
6324.0,0,L00-L03,explicit_layer,explicit layer column,policy_pinned__budget128__sink8,286.0,0.043267776096822995,user,9
6356.0,0,L00-L03,explicit_layer,explicit layer column,policy_pinned__budget128__sink8,549.0,0.07950760318609704,user,10
6321.0,0,L00-L03,explicit_layer,explicit layer column,policy_pinned__budget128__sink8,874.0,0.12147324530924253,user,11
6430.0,0,L00-L03,explicit_layer,explicit layer column,policy_pinned__budget128__sink8,1310.0,0.16925064599483206,user,12
6383.0,0,L00-L03,explicit_layer,explicit layer column,policy_pinned__budget128__sink8,1557.0,0.196095717884131,user,13
6420.0,0,L00-L03,explicit_layer,explicit layer column,policy_pinned__budget128__sink8,1903.0,0.22864351796227322,user,14
6386.0,0,L00-L03,explicit_layer,explicit layer column,policy_pinned__budget128__sink8,2056.0,0.2435441838426913,user,15
6565.0,0,L00-L03,explicit_layer,explicit layer column,policy_pinned__budget128__sink8,2643.0,0.28703301476976545,user,16
6512.0,0,L00-L03,explicit_layer,explicit layer column,policy_pinned__budget128__sink8,2615.0,0.28651254519557356,user,17
6588.0,0,L00-L03,explicit_layer,explicit layer column,policy_pinned__budget128__sink8,2998.0,0.3127477571458377,user,18
6615.0,0,L00-L03,explicit_layer,explicit layer column,policy_pinned__budget128__sink8,3053.0,0.3157840297889946,user,19
6689.0,0,L00-L03,explicit_layer,explicit layer column,policy_pinned__budget128__sink8,3271.0,0.3284136546184739,user,20
6703.0,0,L00-L03,explicit_layer,explicit layer column,policy_pinned__budget128__sink8,3597.0,0.3492233009708738,user,21
6759.0,0,L00-L03,explicit_layer,explicit layer column,policy_pinned__budget128__sink8,3857.0,0.3633195177091183,user,22
6637.0,0,L00-L03,explicit_layer,explicit layer column,policy_pinned__budget128__sink8,3355.0,0.3357686148919135,user,23
6914.0,0,L00-L03,explicit_layer,explicit layer column,policy_pinned__budget128__sink8,5001.0,0.41972303818715906,user,24
6692.0,0,L00-L03,explicit_layer,explicit layer column,policy_pinned__budget128__sink8,4955.0,0.4254314415729372,user,25
6606.0,0,L00-L03,explicit_layer,explicit layer column,policy_pinned__budget128__sink8,5125.0,0.4368766516068536,user,26
6548.0,0,L00-L03,explicit_layer,explicit layer column,policy_pinned__budget128__sink8,5586.0,0.46035932091643317,user,27
6428.0,0,L00-L03,explicit_layer,explicit layer column,policy_pinned__budget128__sink8,6018.0,0.48352884460870965,user,28
6273.0,0,L00-L03,explicit_layer,explicit layer column,policy_pinned__budget128__sink8,6256.0,0.4993215739484396,user,29
6109.0,0,L00-L03,explicit_layer,explicit layer column,policy_pinned__budget128__sink8,6983.0,0.5333791628475405,user,30
5812.0,0,L00-L03,explicit_layer,explicit layer column,policy_pinned__budget128__sink8,6537.0,0.5293546036116284,user,31
5779.0,0,L00-L03,explicit_layer,explicit layer column,policy_pinned__budget128__sink8,8317.0,0.5900255391600454,user,32
5574.0,0,L00-L03,explicit_layer,explicit layer column,policy_pinned__budget128__sink8,7998.0,0.5893015030946065,user,33
5268.0,0,L00-L03,explicit_layer,explicit layer column,policy_pinned__budget128__sink8,8349.0,0.6131306455166337,user,34
5066.0,0,L00-L03,explicit_layer,explicit layer column,policy_pinned__budget128__sink8,8212.0,0.6184666365416478,user,35
5007.0,0,L00-L03,explicit_layer,explicit layer column,policy_pinned__budget128__sink8,9652.0,0.6584350910703323,user,36
4858.0,0,L00-L03,explicit_layer,explicit layer column,policy_pinned__budget128__sink8,9354.0,0.6581761891359414,user,37
4665.0,0,L00-L03,explicit_layer,explicit layer column,policy_pinned__budget128__sink8,9493.0,0.6705043085181522,user,38
4269.0,0,L00-L03,explicit_layer,explicit layer column,policy_pinned__budget128__sink8,9745.0,0.6953760525189097,user,39
3979.0,0,L00-L03,explicit_layer,explicit layer column,policy_pinned__budget128__sink8,11052.0,0.7352804204643736,user,40
3654.0,0,L00-L03,explicit_layer,explicit layer column,policy_pinned__budget128__sink8,10310.0,0.738327126897737,user,41
3110.0,0,L00-L03,explicit_layer,explicit layer column,policy_pinned__budget128__sink8,10624.0,0.7735546818115625,user,42
2824.0,0,L00-L03,explicit_layer,explicit layer column,policy_pinned__budget128__sink8,9308.0,0.7672271678206396,user,43
2523.0,0,L00-L03,explicit_layer,explicit layer column,policy_pinned__budget128__sink8,9053.0,0.7820490670352453,user,44
1813.0,0,L00-L03,explicit_layer,explicit layer column,policy_pinned__budget128__sink8,8090.0,0.8169241643946279,user,45
999.0,0,L00-L03,explicit_layer,explicit layer column,policy_pinned__budget128__sink8,6034.0,0.8579553533342813,user,46
108.0,0,L00-L03,explicit_layer,explicit layer column,policy_pinned__budget128__sink8,4214.0,0.9750115687181861,user,47
3822.0,0,L00-L03,explicit_layer,explicit layer column,random_matched__budget128__seed991,632.0,0.141894925909295,system,0
2463.0,0,L00-L03,explicit_layer,explicit layer column,random_matched__budget128__seed991,4270.0,0.6341898113768009,system,1
1051.0,0,L00-L03,explicit_layer,explicit layer column,random_matched__budget128__seed991,6145.0,0.853946637020567,system,2
700.0,0,L00-L03,explicit_layer,explicit layer column,random_matched__budget128__seed991,7999.0,0.9195309805724796,system,3
554.0,0,L00-L03,explicit_layer,explicit layer column,random_matched__budget128__seed991,8443.0,0.9384239190841391,system,4
384.0,0,L00-L03,explicit_layer,explicit layer column,random_matched__budget128__seed991,7953.0,0.9539402662828356,system,5
252.0,0,L00-L03,explicit_layer,explicit layer column,random_matched__budget128__seed991,8353.0,0.9707147007553748,system,6
289.0,0,L00-L03,explicit_layer,explicit layer column,random_matched__budget128__seed991,7472.0,0.9627625306017266,system,7
222.0,0,L00-L03,explicit_layer,explicit layer column,random_matched__budget128__seed991,7673.0,0.9718809373020899,system,8
166.0,0,L00-L03,explicit_layer,explicit layer column,random_matched__budget128__seed991,7062.0,0.9770337576092972,system,9
120.0,0,L00-L03,explicit_layer,explicit layer column,random_matched__budget128__seed991,6710.0,0.9824304538799414,system,10
149.0,0,L00-L03,explicit_layer,explicit layer column,random_matched__budget128__seed991,5541.0,0.9738137082601055,system,11
217.0,0,L00-L03,explicit_layer,explicit layer column,random_matched__budget128__seed991,6330.0,0.9668550481136399,system,12
150.0,0,L00-L03,explicit_layer,explicit layer column,random_matched__budget128__seed991,5249.0,0.9722170772365253,system,13
147.0,0,L00-L03,explicit_layer,explicit layer column,random_matched__budget128__seed991,4922.0,0.9710001972775696,system,14
62.0,0,L00-L03,explicit_layer,explicit layer column,random_matched__budget128__seed991,4276.0,0.9857076994006455,system,15
72.0,0,L00-L03,explicit_layer,explicit layer column,random_matched__budget128__seed991,5044.0,0.9859265050820953,system,16
87.0,0,L00-L03,explicit_layer,explicit layer column,random_matched__budget128__seed991,3778.0,0.977490297542044,system,17
39.0,0,L00-L03,explicit_layer,explicit layer column,random_matched__budget128__seed991,3951.0,0.9902255639097745,system,18
52.0,0,L00-L03,explicit_layer,explicit layer column,random_matched__budget128__seed991,2972.0,0.9828042328042328,system,19
43.0,0,L00-L03,explicit_layer,explicit layer column,random_matched__budget128__seed991,2881.0,0.9852941176470589,system,20
14.0,0,L00-L03,explicit_layer,explicit layer column,random_matched__budget128__seed991,2719.0,0.9948774240761068,system,21
0.0,0,L00-L03,explicit_layer,explicit layer column,random_matched__budget128__seed991,2361.0,1.0,system,22
0.0,0,L00-L03,explicit_layer,explicit layer column,random_matched__budget128__seed991,1887.0,1.0,system,23
0.0,0,L00-L03,explicit_layer,explicit layer column,random_matched__budget128__seed991,2263.0,1.0,system,24
0.0,0,L00-L03,explicit_layer,explicit layer column,random_matched__budget128__seed991,1799.0,1.0,system,25
0.0,0,L00-L03,explicit_layer,explicit layer column,random_matched__budget128__seed991,1650.0,1.0,system,26
0.0,0,L00-L03,explicit_layer,explicit layer column,random_matched__budget128__seed991,1492.0,1.0,system,27
0.0,0,L00-L03,explicit_layer,explicit layer column,random_matched__budget128__seed991,1354.0,1.0,system,28
0.0,0,L00-L03,explicit_layer,explicit layer column,random_matched__budget128__seed991,1199.0,1.0,system,29
0.0,0,L00-L03,explicit_layer,explicit layer column,random_matched__budget128__seed991,1137.0,1.0,system,30
0.0,0,L00-L03,explicit_layer,explicit layer column,random_matched__budget128__seed991,862.0,1.0,system,31
0.0,0,L00-L03,explicit_layer,explicit layer column,random_matched__budget128__seed991,836.0,1.0,system,32
0.0,0,L00-L03,explicit_layer,explicit layer column,random_matched__budget128__seed991,578.0,1.0,system,33
0.0,0,L00-L03,explicit_layer,explicit layer column,random_matched__budget128__seed991,486.0,1.0,system,34
0.0,0,L00-L03,explicit_layer,explicit layer column,random_matched__budget128__seed991,275.0,1.0,system,35
0.0,0,L00-L03,explicit_layer,explicit layer column,random_matched__budget128__seed991,205.0,1.0,system,36
0.0,0,L00-L03,explicit_layer,explicit layer column,random_matched__budget128__seed991,85.0,1.0,system,37
0.0,0,L00-L03,explicit_layer,explicit layer column,random_matched__budget128__seed991,31.0,1.0,system,38
0.0,0,L00-L03,explicit_layer,explicit layer column,random_matched__budget128__seed991,5.0,1.0,system,39
1400.0,0,L00-L03,explicit_layer,explicit layer column,random_matched__budget128__seed991,10380.0,0.8811544991511036,template,0
500.0,0,L00-L03,explicit_layer,explicit layer column,random_matched__budget128__seed991,5095.0,0.9106344950848972,template,1
375.0,0,L00-L03,explicit_layer,explicit layer column,random_matched__budget128__seed991,2936.0,0.8867411658109332,template,2
156.0,0,L00-L03,explicit_layer,explicit layer column,random_matched__budget128__seed991,377.0,0.7073170731707317,template,3
55.0,0,L00-L03,explicit_layer,explicit layer column,random_matched__budget128__seed991,93.0,0.6283783783783784,template,4
111.0,0,L00-L03,explicit_layer,explicit layer column,random_matched__budget128__seed991,104.0,0.48372093023255813,template,5
33.0,0,L00-L03,explicit_layer,explicit layer column,random_matched__budget128__seed991,180.0,0.8450704225352113,template,6
18.0,0,L00-L03,explicit_layer,explicit layer column,random_matched__budget128__seed991,354.0,0.9516129032258065,template,7
28.0,0,L00-L03,explicit_layer,explicit layer column,random_matched__budget128__seed991,582.0,0.9540983606557377,template,8
25.0,0,L00-L03,explicit_layer,explicit layer column,random_matched__budget128__seed991,798.0,0.9696233292831106,template,9
17.0,0,L00-L03,explicit_layer,explicit layer column,random_matched__budget128__seed991,944.0,0.9823100936524454,template,10
7.0,0,L00-L03,explicit_layer,explicit layer column,random_matched__budget128__seed991,906.0,0.9923329682365827,template,11
0.0,0,L00-L03,explicit_layer,explicit layer column,random_matched__budget128__seed991,1129.0,1.0,template,12
11.0,0,L00-L03,explicit_layer,explicit layer column,random_matched__budget128__seed991,1085.0,0.989963503649635,template,13
32.0,0,L00-L03,explicit_layer,explicit layer column,random_matched__budget128__seed991,1009.0,0.9692603266090298,template,14
24.0,0,L00-L03,explicit_layer,explicit layer column,random_matched__budget128__seed991,945.0,0.9752321981424149,template,15
18.0,0,L00-L03,explicit_layer,explicit layer column,random_matched__budget128__seed991,1215.0,0.9854014598540146,template,16
11.0,0,L00-L03,explicit_layer,explicit layer column,random_matched__budget128__seed991,1244.0,0.9912350597609562,template,17
20.0,0,L00-L03,explicit_layer,explicit layer column,random_matched__budget128__seed991,1462.0,0.9865047233468286,template,18
16.0,0,L00-L03,explicit_layer,explicit layer column,random_matched__budget128__seed991,1511.0,0.9895219384413884,template,19
9.0,0,L00-L03,explicit_layer,explicit layer column,random_matched__budget128__seed991,1761.0,0.9949152542372881,template,20
12.0,0,L00-L03,explicit_layer,explicit layer column,random_matched__budget128__seed991,1582.0,0.9924717691342535,template,21
9.0,0,L00-L03,explicit_layer,explicit layer column,random_matched__budget128__seed991,1763.0,0.994920993227991,template,22
0.0,0,L00-L03,explicit_layer,explicit layer column,random_matched__budget128__seed991,1017.0,1.0,template,23
0.0,0,L00-L03,explicit_layer,explicit layer column,random_matched__budget128__seed991,1832.0,1.0,template,24
0.0,0,L00-L03,explicit_layer,explicit layer column,random_matched__budget128__seed991,1250.0,1.0,template,25
0.0,0,L00-L03,explicit_layer,explicit layer column,random_matched__budget128__seed991,1033.0,1.0,template,26
0.0,0,L00-L03,explicit_layer,explicit layer column,random_matched__budget128__seed991,932.0,1.0,template,27
0.0,0,L00-L03,explicit_layer,explicit layer column,random_matched__budget128__seed991,781.0,1.0,template,28
0.0,0,L00-L03,explicit_layer,explicit layer column,random_matched__budget128__seed991,662.0,1.0,template,29
0.0,0,L00-L03,explicit_layer,explicit layer column,random_matched__budget128__seed991,686.0,1.0,template,30
0.0,0,L00-L03,explicit_layer,explicit layer column,random_matched__budget128__seed991,381.0,1.0,template,31
0.0,0,L00-L03,explicit_layer,explicit layer column,random_matched__budget128__seed991,516.0,1.0,template,32
0.0,0,L00-L03,explicit_layer,explicit layer column,random_matched__budget128__seed991,496.0,1.0,template,33
0.0,0,L00-L03,explicit_layer,explicit layer column,random_matched__budget128__seed991,385.0,1.0,template,34
0.0,0,L00-L03,explicit_layer,explicit layer column,random_matched__budget128__seed991,407.0,1.0,template,35
0.0,0,L00-L03,explicit_layer,explicit layer column,random_matched__budget128__seed991,390.0,1.0,template,36
0.0,0,L00-L03,explicit_layer,explicit layer column,random_matched__budget128__seed991,346.0,1.0,template,37
0.0,0,L00-L03,explicit_layer,explicit layer column,random_matched__budget128__seed991,259.0,1.0,template,38
0.0,0,L00-L03,explicit_layer,explicit layer column,random_matched__budget128__seed991,182.0,1.0,template,39
0.0,0,L00-L03,explicit_layer,explicit layer column,random_matched__budget128__seed991,101.0,1.0,template,40
0.0,0,L00-L03,explicit_layer,explicit layer column,random_matched__budget128__seed991,214.0,1.0,template,41
0.0,0,L00-L03,explicit_layer,explicit layer column,random_matched__budget128__seed991,1161.0,1.0,template,42
0.0,0,L00-L03,explicit_layer,explicit layer column,random_matched__budget128__seed991,2221.0,1.0,template,43
0.0,0,L00-L03,explicit_layer,explicit layer column,random_matched__budget128__seed991,3000.0,1.0,template,44
0.0,0,L00-L03,explicit_layer,explicit layer column,random_matched__budget128__seed991,5074.0,1.0,template,45
26.0,0,L00-L03,explicit_layer,explicit layer column,random_matched__budget128__seed991,8130.0,0.9968121628249141,template,46
1317.0,0,L00-L03,explicit_layer,explicit layer column,random_matched__budget128__seed991,4919.0,0.7888069275176395,template,47
678.0,0,L00-L03,explicit_layer,explicit layer column,random_matched__budget128__seed991,9.0,0.013100436681222707,user,0
2646.0,0,L00-L03,explicit_layer,explicit layer column,random_matched__budget128__seed991,162.0,0.057692307692307696,user,1
3909.0,0,L00-L03,explicit_layer,explicit layer column,random_matched__budget128__seed991,348.0,0.0817477096546864,user,2
4448.0,0,L00-L03,explicit_layer,explicit layer column,random_matched__budget128__seed991,800.0,0.1524390243902439,user,3
4586.0,0,L00-L03,explicit_layer,explicit layer column,random_matched__budget128__seed991,984.0,0.17666068222621184,user,4
4392.0,0,L00-L03,explicit_layer,explicit layer column,random_matched__budget128__seed991,1283.0,0.226079295154185,user,5
4502.0,0,L00-L03,explicit_layer,explicit layer column,random_matched__budget128__seed991,1526.0,0.2531519575315196,user,6
4610.0,0,L00-L03,explicit_layer,explicit layer column,random_matched__budget128__seed991,1482.0,0.2432698621142482,user,7
4540.0,0,L00-L03,explicit_layer,explicit layer column,random_matched__budget128__seed991,1797.0,0.2835726684551049,user,8
4726.0,0,L00-L03,explicit_layer,explicit layer column,random_matched__budget128__seed991,1884.0,0.2850226928895613,user,9
4695.0,0,L00-L03,explicit_layer,explicit layer column,random_matched__budget128__seed991,2210.0,0.32005792903692976,user,10
4769.0,0,L00-L03,explicit_layer,explicit layer column,random_matched__budget128__seed991,2426.0,0.33717859624739405,user,11
5077.0,0,L00-L03,explicit_layer,explicit layer column,random_matched__budget128__seed991,2663.0,0.34405684754521965,user,12
5057.0,0,L00-L03,explicit_layer,explicit layer column,random_matched__budget128__seed991,2883.0,0.36309823677581865,user,13
5173.0,0,L00-L03,explicit_layer,explicit layer column,random_matched__budget128__seed991,3150.0,0.37846930193439865,user,14
5138.0,0,L00-L03,explicit_layer,explicit layer column,random_matched__budget128__seed991,3304.0,0.3913764510779436,user,15
5345.0,0,L00-L03,explicit_layer,explicit layer column,random_matched__budget128__seed991,3863.0,0.4195264986967854,user,16
5411.0,0,L00-L03,explicit_layer,explicit layer column,random_matched__budget128__seed991,3716.0,0.40714363975019174,user,17
5287.0,0,L00-L03,explicit_layer,explicit layer column,random_matched__budget128__seed991,4299.0,0.44846651366576257,user,18
5426.0,0,L00-L03,explicit_layer,explicit layer column,random_matched__budget128__seed991,4242.0,0.4387670666115019,user,19
5463.0,0,L00-L03,explicit_layer,explicit layer column,random_matched__budget128__seed991,4497.0,0.4515060240963855,user,20
5371.0,0,L00-L03,explicit_layer,explicit layer column,random_matched__budget128__seed991,4929.0,0.4785436893203884,user,21
5321.0,0,L00-L03,explicit_layer,explicit layer column,random_matched__budget128__seed991,5295.0,0.498775433308214,user,22
5272.0,0,L00-L03,explicit_layer,explicit layer column,random_matched__budget128__seed991,4720.0,0.4723779023218575,user,23
5484.0,0,L00-L03,explicit_layer,explicit layer column,random_matched__budget128__seed991,6431.0,0.5397398237515737,user,24
5383.0,0,L00-L03,explicit_layer,explicit layer column,random_matched__budget128__seed991,6264.0,0.5378208980853438,user,25
5476.0,0,L00-L03,explicit_layer,explicit layer column,random_matched__budget128__seed991,6255.0,0.5332026255221208,user,26
5423.0,0,L00-L03,explicit_layer,explicit layer column,random_matched__budget128__seed991,6711.0,0.5530740069226966,user,27
5460.0,0,L00-L03,explicit_layer,explicit layer column,random_matched__budget128__seed991,6986.0,0.5613048368953881,user,28
5265.0,0,L00-L03,explicit_layer,explicit layer column,random_matched__budget128__seed991,7264.0,0.5797749221805412,user,29
5440.0,0,L00-L03,explicit_layer,explicit layer column,random_matched__budget128__seed991,7652.0,0.5844790711885121,user,30
5466.0,0,L00-L03,explicit_layer,explicit layer column,random_matched__budget128__seed991,6883.0,0.5573730666450725,user,31
5360.0,0,L00-L03,explicit_layer,explicit layer column,random_matched__budget128__seed991,8736.0,0.619750283768445,user,32
5400.0,0,L00-L03,explicit_layer,explicit layer column,random_matched__budget128__seed991,8172.0,0.6021220159151194,user,33
5341.0,0,L00-L03,explicit_layer,explicit layer column,random_matched__budget128__seed991,8276.0,0.6077696996401557,user,34
5339.0,0,L00-L03,explicit_layer,explicit layer column,random_matched__budget128__seed991,7939.0,0.5979063111914444,user,35
5421.0,0,L00-L03,explicit_layer,explicit layer column,random_matched__budget128__seed991,9238.0,0.6301930554608091,user,36
5372.0,0,L00-L03,explicit_layer,explicit layer column,random_matched__budget128__seed991,8840.0,0.6220095693779905,user,37
5288.0,0,L00-L03,explicit_layer,explicit layer column,random_matched__budget128__seed991,8870.0,0.6265009182087865,user,38
5596.0,0,L00-L03,explicit_layer,explicit layer column,random_matched__budget128__seed991,8418.0,0.6006850292564578,user,39
5544.0,0,L00-L03,explicit_layer,explicit layer column,random_matched__budget128__seed991,9487.0,0.6311622646530504,user,40
5162.0,0,L00-L03,explicit_layer,explicit layer column,random_matched__budget128__seed991,8802.0,0.6303351475222,user,41
5257.0,0,L00-L03,explicit_layer,explicit layer column,random_matched__budget128__seed991,8477.0,0.6172273190621814,user,42
5412.0,0,L00-L03,explicit_layer,explicit layer column,random_matched__budget128__seed991,6720.0,0.5539070227497527,user,43
5132.0,0,L00-L03,explicit_layer,explicit layer column,random_matched__budget128__seed991,6444.0,0.5566689702833448,user,44
5489.0,0,L00-L03,explicit_layer,explicit layer column,random_matched__budget128__seed991,4414.0,0.44572351812582045,user,45
5539.0,0,L00-L03,explicit_layer,explicit layer column,random_matched__budget128__seed991,1494.0,0.21242712924783166,user,46
3675.0,0,L00-L03,explicit_layer,explicit layer column,random_matched__budget128__seed991,647.0,0.14969921332716335,user,47
2281.0,0,L00-L03,explicit_layer,explicit layer column,sink_recent__budget128__sink8,2173.0,0.4878760664571172,system,0
2717.0,0,L00-L03,explicit_layer,explicit layer column,sink_recent__budget128__sink8,4016.0,0.5964651715431457,system,1
2090.0,0,L00-L03,explicit_layer,explicit layer column,sink_recent__budget128__sink8,5106.0,0.7095608671484158,system,2
1758.0,0,L00-L03,explicit_layer,explicit layer column,sink_recent__budget128__sink8,6941.0,0.7979078054948845,system,3
1487.0,0,L00-L03,explicit_layer,explicit layer column,sink_recent__budget128__sink8,7510.0,0.8347226853395576,system,4
1179.0,0,L00-L03,explicit_layer,explicit layer column,sink_recent__budget128__sink8,7158.0,0.8585822238215185,system,5
902.0,0,L00-L03,explicit_layer,explicit layer column,sink_recent__budget128__sink8,7703.0,0.895177222545032,system,6
800.0,0,L00-L03,explicit_layer,explicit layer column,sink_recent__budget128__sink8,6961.0,0.8969204999355753,system,7
723.0,0,L00-L03,explicit_layer,explicit layer column,sink_recent__budget128__sink8,7172.0,0.9084230525649145,system,8
602.0,0,L00-L03,explicit_layer,explicit layer column,sink_recent__budget128__sink8,6626.0,0.9167127836192585,system,9
500.0,0,L00-L03,explicit_layer,explicit layer column,sink_recent__budget128__sink8,6330.0,0.9267935578330894,system,10
441.0,0,L00-L03,explicit_layer,explicit layer column,sink_recent__budget128__sink8,5249.0,0.9224956063268893,system,11
382.0,0,L00-L03,explicit_layer,explicit layer column,sink_recent__budget128__sink8,6165.0,0.9416526653429051,system,12
255.0,0,L00-L03,explicit_layer,explicit layer column,sink_recent__budget128__sink8,5144.0,0.952769031302093,system,13
162.0,0,L00-L03,explicit_layer,explicit layer column,sink_recent__budget128__sink8,4907.0,0.9680410337344644,system,14
68.0,0,L00-L03,explicit_layer,explicit layer column,sink_recent__budget128__sink8,4270.0,0.9843245735361917,system,15
4.0,0,L00-L03,explicit_layer,explicit layer column,sink_recent__budget128__sink8,5112.0,0.9992181391712275,system,16
0.0,0,L00-L03,explicit_layer,explicit layer column,sink_recent__budget128__sink8,3865.0,1.0,system,17
0.0,0,L00-L03,explicit_layer,explicit layer column,sink_recent__budget128__sink8,3990.0,1.0,system,18
0.0,0,L00-L03,explicit_layer,explicit layer column,sink_recent__budget128__sink8,3024.0,1.0,system,19
0.0,0,L00-L03,explicit_layer,explicit layer column,sink_recent__budget128__sink8,2924.0,1.0,system,20
0.0,0,L00-L03,explicit_layer,explicit layer column,sink_recent__budget128__sink8,2733.0,1.0,system,21
0.0,0,L00-L03,explicit_layer,explicit layer column,sink_recent__budget128__sink8,2361.0,1.0,system,22
0.0,0,L00-L03,explicit_layer,explicit layer column,sink_recent__budget128__sink8,1887.0,1.0,system,23
0.0,0,L00-L03,explicit_layer,explicit layer column,sink_recent__budget128__sink8,2263.0,1.0,system,24
0.0,0,L00-L03,explicit_layer,explicit layer column,sink_recent__budget128__sink8,1799.0,1.0,system,25
0.0,0,L00-L03,explicit_layer,explicit layer column,sink_recent__budget128__sink8,1650.0,1.0,system,26
0.0,0,L00-L03,explicit_layer,explicit layer column,sink_recent__budget128__sink8,1492.0,1.0,system,27
0.0,0,L00-L03,explicit_layer,explicit layer column,sink_recent__budget128__sink8,1354.0,1.0,system,28
0.0,0,L00-L03,explicit_layer,explicit layer column,sink_recent__budget128__sink8,1199.0,1.0,system,29
0.0,0,L00-L03,explicit_layer,explicit layer column,sink_recent__budget128__sink8,1137.0,1.0,system,30
0.0,0,L00-L03,explicit_layer,explicit layer column,sink_recent__budget128__sink8,862.0,1.0,system,31
0.0,0,L00-L03,explicit_layer,explicit layer column,sink_recent__budget128__sink8,836.0,1.0,system,32
0.0,0,L00-L03,explicit_layer,explicit layer column,sink_recent__budget128__sink8,578.0,1.0,system,33
0.0,0,L00-L03,explicit_layer,explicit layer column,sink_recent__budget128__sink8,486.0,1.0,system,34
0.0,0,L00-L03,explicit_layer,explicit layer column,sink_recent__budget128__sink8,275.0,1.0,system,35
0.0,0,L00-L03,explicit_layer,explicit layer column,sink_recent__budget128__sink8,205.0,1.0,system,36
0.0,0,L00-L03,explicit_layer,explicit layer column,sink_recent__budget128__sink8,85.0,1.0,system,37
0.0,0,L00-L03,explicit_layer,explicit layer column,sink_recent__budget128__sink8,31.0,1.0,system,38
0.0,0,L00-L03,explicit_layer,explicit layer column,sink_recent__budget128__sink8,5.0,1.0,system,39
269.0,0,L00-L03,explicit_layer,explicit layer column,sink_recent__budget128__sink8,11511.0,0.9771646859083192,template,0
557.0,0,L00-L03,explicit_layer,explicit layer column,sink_recent__budget128__sink8,5038.0,0.9004468275245755,template,1
630.0,0,L00-L03,explicit_layer,explicit layer column,sink_recent__budget128__sink8,2681.0,0.8097251585623678,template,2
248.0,0,L00-L03,explicit_layer,explicit layer column,sink_recent__budget128__sink8,285.0,0.5347091932457786,template,3
148.0,0,L00-L03,explicit_layer,explicit layer column,sink_recent__budget128__sink8,0.0,0.0,template,4
208.0,0,L00-L03,explicit_layer,explicit layer column,sink_recent__budget128__sink8,7.0,0.03255813953488372,template,5
142.0,0,L00-L03,explicit_layer,explicit layer column,sink_recent__budget128__sink8,71.0,0.3333333333333333,template,6
60.0,0,L00-L03,explicit_layer,explicit layer column,sink_recent__budget128__sink8,312.0,0.8387096774193549,template,7
51.0,0,L00-L03,explicit_layer,explicit layer column,sink_recent__budget128__sink8,559.0,0.9163934426229509,template,8
55.0,0,L00-L03,explicit_layer,explicit layer column,sink_recent__budget128__sink8,768.0,0.9331713244228432,template,9
48.0,0,L00-L03,explicit_layer,explicit layer column,sink_recent__budget128__sink8,913.0,0.9500520291363164,template,10
24.0,0,L00-L03,explicit_layer,explicit layer column,sink_recent__budget128__sink8,889.0,0.9737130339539978,template,11
35.0,0,L00-L03,explicit_layer,explicit layer column,sink_recent__budget128__sink8,1094.0,0.9689991142604074,template,12
53.0,0,L00-L03,explicit_layer,explicit layer column,sink_recent__budget128__sink8,1043.0,0.9516423357664233,template,13
71.0,0,L00-L03,explicit_layer,explicit layer column,sink_recent__budget128__sink8,970.0,0.9317963496637848,template,14
81.0,0,L00-L03,explicit_layer,explicit layer column,sink_recent__budget128__sink8,888.0,0.9164086687306502,template,15
57.0,0,L00-L03,explicit_layer,explicit layer column,sink_recent__budget128__sink8,1176.0,0.9537712895377128,template,16
0.0,0,L00-L03,explicit_layer,explicit layer column,sink_recent__budget128__sink8,1255.0,1.0,template,17
0.0,0,L00-L03,explicit_layer,explicit layer column,sink_recent__budget128__sink8,1482.0,1.0,template,18
0.0,0,L00-L03,explicit_layer,explicit layer column,sink_recent__budget128__sink8,1527.0,1.0,template,19
0.0,0,L00-L03,explicit_layer,explicit layer column,sink_recent__budget128__sink8,1770.0,1.0,template,20
0.0,0,L00-L03,explicit_layer,explicit layer column,sink_recent__budget128__sink8,1594.0,1.0,template,21
0.0,0,L00-L03,explicit_layer,explicit layer column,sink_recent__budget128__sink8,1772.0,1.0,template,22
0.0,0,L00-L03,explicit_layer,explicit layer column,sink_recent__budget128__sink8,1017.0,1.0,template,23
0.0,0,L00-L03,explicit_layer,explicit layer column,sink_recent__budget128__sink8,1832.0,1.0,template,24
0.0,0,L00-L03,explicit_layer,explicit layer column,sink_recent__budget128__sink8,1250.0,1.0,template,25
0.0,0,L00-L03,explicit_layer,explicit layer column,sink_recent__budget128__sink8,1033.0,1.0,template,26
0.0,0,L00-L03,explicit_layer,explicit layer column,sink_recent__budget128__sink8,932.0,1.0,template,27
0.0,0,L00-L03,explicit_layer,explicit layer column,sink_recent__budget128__sink8,781.0,1.0,template,28
0.0,0,L00-L03,explicit_layer,explicit layer column,sink_recent__budget128__sink8,662.0,1.0,template,29
0.0,0,L00-L03,explicit_layer,explicit layer column,sink_recent__budget128__sink8,686.0,1.0,template,30
0.0,0,L00-L03,explicit_layer,explicit layer column,sink_recent__budget128__sink8,381.0,1.0,template,31
0.0,0,L00-L03,explicit_layer,explicit layer column,sink_recent__budget128__sink8,516.0,1.0,template,32
0.0,0,L00-L03,explicit_layer,explicit layer column,sink_recent__budget128__sink8,496.0,1.0,template,33
0.0,0,L00-L03,explicit_layer,explicit layer column,sink_recent__budget128__sink8,385.0,1.0,template,34
0.0,0,L00-L03,explicit_layer,explicit layer column,sink_recent__budget128__sink8,407.0,1.0,template,35
0.0,0,L00-L03,explicit_layer,explicit layer column,sink_recent__budget128__sink8,390.0,1.0,template,36
0.0,0,L00-L03,explicit_layer,explicit layer column,sink_recent__budget128__sink8,346.0,1.0,template,37
0.0,0,L00-L03,explicit_layer,explicit layer column,sink_recent__budget128__sink8,259.0,1.0,template,38
0.0,0,L00-L03,explicit_layer,explicit layer column,sink_recent__budget128__sink8,182.0,1.0,template,39
0.0,0,L00-L03,explicit_layer,explicit layer column,sink_recent__budget128__sink8,101.0,1.0,template,40
0.0,0,L00-L03,explicit_layer,explicit layer column,sink_recent__budget128__sink8,214.0,1.0,template,41
0.0,0,L00-L03,explicit_layer,explicit layer column,sink_recent__budget128__sink8,1161.0,1.0,template,42
0.0,0,L00-L03,explicit_layer,explicit layer column,sink_recent__budget128__sink8,2221.0,1.0,template,43
0.0,0,L00-L03,explicit_layer,explicit layer column,sink_recent__budget128__sink8,3000.0,1.0,template,44
0.0,0,L00-L03,explicit_layer,explicit layer column,sink_recent__budget128__sink8,5074.0,1.0,template,45
0.0,0,L00-L03,explicit_layer,explicit layer column,sink_recent__budget128__sink8,8156.0,1.0,template,46
0.0,0,L00-L03,explicit_layer,explicit layer column,sink_recent__budget128__sink8,6236.0,1.0,template,47
687.0,0,L00-L03,explicit_layer,explicit layer column,sink_recent__budget128__sink8,0.0,0.0,user,0
2808.0,0,L00-L03,explicit_layer,explicit layer column,sink_recent__budget128__sink8,0.0,0.0,user,1
4257.0,0,L00-L03,explicit_layer,explicit layer column,sink_recent__budget128__sink8,0.0,0.0,user,2
5248.0,0,L00-L03,explicit_layer,explicit layer column,sink_recent__budget128__sink8,0.0,0.0,user,3
5570.0,0,L00-L03,explicit_layer,explicit layer column,sink_recent__budget128__sink8,0.0,0.0,user,4
5675.0,0,L00-L03,explicit_layer,explicit layer column,sink_recent__budget128__sink8,0.0,0.0,user,5
6028.0,0,L00-L03,explicit_layer,explicit layer column,sink_recent__budget128__sink8,0.0,0.0,user,6
6075.0,0,L00-L03,explicit_layer,explicit layer column,sink_recent__budget128__sink8,17.0,0.0027905449770190415,user,7
6186.0,0,L00-L03,explicit_layer,explicit layer column,sink_recent__budget128__sink8,151.0,0.023828309925832413,user,8
6239.0,0,L00-L03,explicit_layer,explicit layer column,sink_recent__budget128__sink8,371.0,0.05612708018154312,user,9
6267.0,0,L00-L03,explicit_layer,explicit layer column,sink_recent__budget128__sink8,638.0,0.09239681390296886,user,10
6257.0,0,L00-L03,explicit_layer,explicit layer column,sink_recent__budget128__sink8,938.0,0.13036831132731064,user,11
6376.0,0,L00-L03,explicit_layer,explicit layer column,sink_recent__budget128__sink8,1364.0,0.17622739018087855,user,12
6335.0,0,L00-L03,explicit_layer,explicit layer column,sink_recent__budget128__sink8,1605.0,0.20214105793450882,user,13
6368.0,0,L00-L03,explicit_layer,explicit layer column,sink_recent__budget128__sink8,1955.0,0.23489126516880932,user,14
6330.0,0,L00-L03,explicit_layer,explicit layer column,sink_recent__budget128__sink8,2112.0,0.2501776830135039,user,15
6506.0,0,L00-L03,explicit_layer,explicit layer column,sink_recent__budget128__sink8,2702.0,0.2934404865334492,user,16
6444.0,0,L00-L03,explicit_layer,explicit layer column,sink_recent__budget128__sink8,2683.0,0.29396296702092695,user,17
6442.0,0,L00-L03,explicit_layer,explicit layer column,sink_recent__budget128__sink8,3144.0,0.32797830168996456,user,18
6338.0,0,L00-L03,explicit_layer,explicit layer column,sink_recent__budget128__sink8,3330.0,0.34443525031030203,user,19
6304.0,0,L00-L03,explicit_layer,explicit layer column,sink_recent__budget128__sink8,3656.0,0.3670682730923695,user,20
6243.0,0,L00-L03,explicit_layer,explicit layer column,sink_recent__budget128__sink8,4057.0,0.3938834951456311,user,21
6211.0,0,L00-L03,explicit_layer,explicit layer column,sink_recent__budget128__sink8,4405.0,0.414939713639789,user,22
6050.0,0,L00-L03,explicit_layer,explicit layer column,sink_recent__budget128__sink8,3942.0,0.394515612489992,user,23
6213.0,0,L00-L03,explicit_layer,explicit layer column,sink_recent__budget128__sink8,5702.0,0.4785564414603441,user,24
6098.0,0,L00-L03,explicit_layer,explicit layer column,sink_recent__budget128__sink8,5549.0,0.4764316991499957,user,25
6025.0,0,L00-L03,explicit_layer,explicit layer column,sink_recent__budget128__sink8,5706.0,0.4864035461597477,user,26
5990.0,0,L00-L03,explicit_layer,explicit layer column,sink_recent__budget128__sink8,6144.0,0.5063458051755398,user,27
5882.0,0,L00-L03,explicit_layer,explicit layer column,sink_recent__budget128__sink8,6564.0,0.5273983609191708,user,28
5659.0,0,L00-L03,explicit_layer,explicit layer column,sink_recent__budget128__sink8,6870.0,0.5483278793199776,user,29
5550.0,0,L00-L03,explicit_layer,explicit layer column,sink_recent__budget128__sink8,7542.0,0.576076993583868,user,30
5353.0,0,L00-L03,explicit_layer,explicit layer column,sink_recent__budget128__sink8,6996.0,0.5665236051502146,user,31
5293.0,0,L00-L03,explicit_layer,explicit layer column,sink_recent__budget128__sink8,8803.0,0.6245034052213394,user,32
4976.0,0,L00-L03,explicit_layer,explicit layer column,sink_recent__budget128__sink8,8596.0,0.6333628057765989,user,33
4838.0,0,L00-L03,explicit_layer,explicit layer column,sink_recent__budget128__sink8,8779.0,0.644708819857531,user,34
4704.0,0,L00-L03,explicit_layer,explicit layer column,sink_recent__budget128__sink8,8574.0,0.6457297785811116,user,35
4648.0,0,L00-L03,explicit_layer,explicit layer column,sink_recent__budget128__sink8,10011.0,0.6829251654273825,user,36
4335.0,0,L00-L03,explicit_layer,explicit layer column,sink_recent__budget128__sink8,9877.0,0.6949760765550239,user,37
4060.0,0,L00-L03,explicit_layer,explicit layer column,sink_recent__budget128__sink8,10098.0,0.7132363328153694,user,38
3743.0,0,L00-L03,explicit_layer,explicit layer column,sink_recent__budget128__sink8,10271.0,0.7329099471956615,user,39
3524.0,0,L00-L03,explicit_layer,explicit layer column,sink_recent__budget128__sink8,11507.0,0.7655511941986561,user,40
3138.0,0,L00-L03,explicit_layer,explicit layer column,sink_recent__budget128__sink8,10826.0,0.7752792896018332,user,41
2711.0,0,L00-L03,explicit_layer,explicit layer column,sink_recent__budget128__sink8,11023.0,0.8026066695791466,user,42
2250.0,0,L00-L03,explicit_layer,explicit layer column,sink_recent__budget128__sink8,9882.0,0.814540059347181,user,43
1923.0,0,L00-L03,explicit_layer,explicit layer column,sink_recent__budget128__sink8,9653.0,0.8338804422944022,user,44
1134.0,0,L00-L03,explicit_layer,explicit layer column,sink_recent__budget128__sink8,8769.0,0.8854892456831264,user,45
472.0,0,L00-L03,explicit_layer,explicit layer column,sink_recent__budget128__sink8,6561.0,0.9328878145883691,user,46
0.0,0,L00-L03,explicit_layer,explicit layer column,sink_recent__budget128__sink8,4322.0,1.0,user,47
4454.0,0,L00-L03,explicit_layer,explicit layer column,sliding_window__budget128,0.0,0.0,system,0
3823.0,0,L00-L03,explicit_layer,explicit layer column,sliding_window__budget128,2910.0,0.4321996138422694,system,1
2218.0,0,L00-L03,explicit_layer,explicit layer column,sliding_window__budget128,4978.0,0.6917732073374097,system,2
1564.0,0,L00-L03,explicit_layer,explicit layer column,sliding_window__budget128,7135.0,0.8202092194505115,system,3
1305.0,0,L00-L03,explicit_layer,explicit layer column,sliding_window__budget128,7692.0,0.8549516505501834,system,4
1036.0,0,L00-L03,explicit_layer,explicit layer column,sliding_window__budget128,7301.0,0.8757346767422334,system,5
814.0,0,L00-L03,explicit_layer,explicit layer column,sliding_window__budget128,7791.0,0.905403834979663,system,6
724.0,0,L00-L03,explicit_layer,explicit layer column,sliding_window__budget128,7037.0,0.9067130524416956,system,7
647.0,0,L00-L03,explicit_layer,explicit layer column,sliding_window__budget128,7248.0,0.9180493983533882,system,8
518.0,0,L00-L03,explicit_layer,explicit layer column,sliding_window__budget128,6710.0,0.9283342556723851,system,9
415.0,0,L00-L03,explicit_layer,explicit layer column,sliding_window__budget128,6415.0,0.9392386530014641,system,10
338.0,0,L00-L03,explicit_layer,explicit layer column,sliding_window__budget128,5352.0,0.940597539543058,system,11
286.0,0,L00-L03,explicit_layer,explicit layer column,sliding_window__budget128,6261.0,0.9563158698640599,system,12
197.0,0,L00-L03,explicit_layer,explicit layer column,sliding_window__budget128,5202.0,0.9635117614373032,system,13
109.0,0,L00-L03,explicit_layer,explicit layer column,sliding_window__budget128,4960.0,0.9784967449201026,system,14
13.0,0,L00-L03,explicit_layer,explicit layer column,sliding_window__budget128,4325.0,0.9970032272936837,system,15
0.0,0,L00-L03,explicit_layer,explicit layer column,sliding_window__budget128,5116.0,1.0,system,16
0.0,0,L00-L03,explicit_layer,explicit layer column,sliding_window__budget128,3865.0,1.0,system,17
0.0,0,L00-L03,explicit_layer,explicit layer column,sliding_window__budget128,3990.0,1.0,system,18
0.0,0,L00-L03,explicit_layer,explicit layer column,sliding_window__budget128,3024.0,1.0,system,19
0.0,0,L00-L03,explicit_layer,explicit layer column,sliding_window__budget128,2924.0,1.0,system,20
0.0,0,L00-L03,explicit_layer,explicit layer column,sliding_window__budget128,2733.0,1.0,system,21
0.0,0,L00-L03,explicit_layer,explicit layer column,sliding_window__budget128,2361.0,1.0,system,22
0.0,0,L00-L03,explicit_layer,explicit layer column,sliding_window__budget128,1887.0,1.0,system,23
0.0,0,L00-L03,explicit_layer,explicit layer column,sliding_window__budget128,2263.0,1.0,system,24
0.0,0,L00-L03,explicit_layer,explicit layer column,sliding_window__budget128,1799.0,1.0,system,25
0.0,0,L00-L03,explicit_layer,explicit layer column,sliding_window__budget128,1650.0,1.0,system,26
0.0,0,L00-L03,explicit_layer,explicit layer column,sliding_window__budget128,1492.0,1.0,system,27
0.0,0,L00-L03,explicit_layer,explicit layer column,sliding_window__budget128,1354.0,1.0,system,28
0.0,0,L00-L03,explicit_layer,explicit layer column,sliding_window__budget128,1199.0,1.0,system,29
0.0,0,L00-L03,explicit_layer,explicit layer column,sliding_window__budget128,1137.0,1.0,system,30
0.0,0,L00-L03,explicit_layer,explicit layer column,sliding_window__budget128,862.0,1.0,system,31
0.0,0,L00-L03,explicit_layer,explicit layer column,sliding_window__budget128,836.0,1.0,system,32
0.0,0,L00-L03,explicit_layer,explicit layer column,sliding_window__budget128,578.0,1.0,system,33
0.0,0,L00-L03,explicit_layer,explicit layer column,sliding_window__budget128,486.0,1.0,system,34
0.0,0,L00-L03,explicit_layer,explicit layer column,sliding_window__budget128,275.0,1.0,system,35
0.0,0,L00-L03,explicit_layer,explicit layer column,sliding_window__budget128,205.0,1.0,system,36
0.0,0,L00-L03,explicit_layer,explicit layer column,sliding_window__budget128,85.0,1.0,system,37
0.0,0,L00-L03,explicit_layer,explicit layer column,sliding_window__budget128,31.0,1.0,system,38
0.0,0,L00-L03,explicit_layer,explicit layer column,sliding_window__budget128,5.0,1.0,system,39
2488.0,0,L00-L03,explicit_layer,explicit layer column,sliding_window__budget128,9292.0,0.7887945670628184,template,0
557.0,0,L00-L03,explicit_layer,explicit layer column,sliding_window__budget128,5038.0,0.9004468275245755,template,1
630.0,0,L00-L03,explicit_layer,explicit layer column,sliding_window__budget128,2681.0,0.8097251585623678,template,2
248.0,0,L00-L03,explicit_layer,explicit layer column,sliding_window__budget128,285.0,0.5347091932457786,template,3
148.0,0,L00-L03,explicit_layer,explicit layer column,sliding_window__budget128,0.0,0.0,template,4
199.0,0,L00-L03,explicit_layer,explicit layer column,sliding_window__budget128,16.0,0.07441860465116279,template,5
94.0,0,L00-L03,explicit_layer,explicit layer column,sliding_window__budget128,119.0,0.5586854460093896,template,6
32.0,0,L00-L03,explicit_layer,explicit layer column,sliding_window__budget128,340.0,0.9139784946236559,template,7
51.0,0,L00-L03,explicit_layer,explicit layer column,sliding_window__budget128,559.0,0.9163934426229509,template,8
55.0,0,L00-L03,explicit_layer,explicit layer column,sliding_window__budget128,768.0,0.9331713244228432,template,9
48.0,0,L00-L03,explicit_layer,explicit layer column,sliding_window__budget128,913.0,0.9500520291363164,template,10
24.0,0,L00-L03,explicit_layer,explicit layer column,sliding_window__budget128,889.0,0.9737130339539978,template,11
35.0,0,L00-L03,explicit_layer,explicit layer column,sliding_window__budget128,1094.0,0.9689991142604074,template,12
53.0,0,L00-L03,explicit_layer,explicit layer column,sliding_window__budget128,1043.0,0.9516423357664233,template,13
71.0,0,L00-L03,explicit_layer,explicit layer column,sliding_window__budget128,970.0,0.9317963496637848,template,14
72.0,0,L00-L03,explicit_layer,explicit layer column,sliding_window__budget128,897.0,0.9256965944272446,template,15
9.0,0,L00-L03,explicit_layer,explicit layer column,sliding_window__budget128,1224.0,0.9927007299270073,template,16
0.0,0,L00-L03,explicit_layer,explicit layer column,sliding_window__budget128,1255.0,1.0,template,17
0.0,0,L00-L03,explicit_layer,explicit layer column,sliding_window__budget128,1482.0,1.0,template,18
0.0,0,L00-L03,explicit_layer,explicit layer column,sliding_window__budget128,1527.0,1.0,template,19
0.0,0,L00-L03,explicit_layer,explicit layer column,sliding_window__budget128,1770.0,1.0,template,20
0.0,0,L00-L03,explicit_layer,explicit layer column,sliding_window__budget128,1594.0,1.0,template,21
0.0,0,L00-L03,explicit_layer,explicit layer column,sliding_window__budget128,1772.0,1.0,template,22
0.0,0,L00-L03,explicit_layer,explicit layer column,sliding_window__budget128,1017.0,1.0,template,23
0.0,0,L00-L03,explicit_layer,explicit layer column,sliding_window__budget128,1832.0,1.0,template,24
0.0,0,L00-L03,explicit_layer,explicit layer column,sliding_window__budget128,1250.0,1.0,template,25
0.0,0,L00-L03,explicit_layer,explicit layer column,sliding_window__budget128,1033.0,1.0,template,26
0.0,0,L00-L03,explicit_layer,explicit layer column,sliding_window__budget128,932.0,1.0,template,27
0.0,0,L00-L03,explicit_layer,explicit layer column,sliding_window__budget128,781.0,1.0,template,28
0.0,0,L00-L03,explicit_layer,explicit layer column,sliding_window__budget128,662.0,1.0,template,29
0.0,0,L00-L03,explicit_layer,explicit layer column,sliding_window__budget128,686.0,1.0,template,30
0.0,0,L00-L03,explicit_layer,explicit layer column,sliding_window__budget128,381.0,1.0,template,31
0.0,0,L00-L03,explicit_layer,explicit layer column,sliding_window__budget128,516.0,1.0,template,32
0.0,0,L00-L03,explicit_layer,explicit layer column,sliding_window__budget128,496.0,1.0,template,33
0.0,0,L00-L03,explicit_layer,explicit layer column,sliding_window__budget128,385.0,1.0,template,34
0.0,0,L00-L03,explicit_layer,explicit layer column,sliding_window__budget128,407.0,1.0,template,35
0.0,0,L00-L03,explicit_layer,explicit layer column,sliding_window__budget128,390.0,1.0,template,36
0.0,0,L00-L03,explicit_layer,explicit layer column,sliding_window__budget128,346.0,1.0,template,37
0.0,0,L00-L03,explicit_layer,explicit layer column,sliding_window__budget128,259.0,1.0,template,38
0.0,0,L00-L03,explicit_layer,explicit layer column,sliding_window__budget128,182.0,1.0,template,39
0.0,0,L00-L03,explicit_layer,explicit layer column,sliding_window__budget128,101.0,1.0,template,40
0.0,0,L00-L03,explicit_layer,explicit layer column,sliding_window__budget128,214.0,1.0,template,41
0.0,0,L00-L03,explicit_layer,explicit layer column,sliding_window__budget128,1161.0,1.0,template,42
0.0,0,L00-L03,explicit_layer,explicit layer column,sliding_window__budget128,2221.0,1.0,template,43
0.0,0,L00-L03,explicit_layer,explicit layer column,sliding_window__budget128,3000.0,1.0,template,44
0.0,0,L00-L03,explicit_layer,explicit layer column,sliding_window__budget128,5074.0,1.0,template,45
0.0,0,L00-L03,explicit_layer,explicit layer column,sliding_window__budget128,8156.0,1.0,template,46
0.0,0,L00-L03,explicit_layer,explicit layer column,sliding_window__budget128,6236.0,1.0,template,47
687.0,0,L00-L03,explicit_layer,explicit layer column,sliding_window__budget128,0.0,0.0,user,0
2808.0,0,L00-L03,explicit_layer,explicit layer column,sliding_window__budget128,0.0,0.0,user,1
4257.0,0,L00-L03,explicit_layer,explicit layer column,sliding_window__budget128,0.0,0.0,user,2
5248.0,0,L00-L03,explicit_layer,explicit layer column,sliding_window__budget128,0.0,0.0,user,3
5570.0,0,L00-L03,explicit_layer,explicit layer column,sliding_window__budget128,0.0,0.0,user,4
5675.0,0,L00-L03,explicit_layer,explicit layer column,sliding_window__budget128,0.0,0.0,user,5
6024.0,0,L00-L03,explicit_layer,explicit layer column,sliding_window__budget128,4.0,0.0006635700066357001,user,6
6046.0,0,L00-L03,explicit_layer,explicit layer column,sliding_window__budget128,46.0,0.0075508864084044645,user,7
6135.0,0,L00-L03,explicit_layer,explicit layer column,sliding_window__budget128,202.0,0.03187628215243806,user,8
6196.0,0,L00-L03,explicit_layer,explicit layer column,sliding_window__budget128,414.0,0.06263237518910741,user,9
6235.0,0,L00-L03,explicit_layer,explicit layer column,sliding_window__budget128,670.0,0.09703113685734975,user,10
6226.0,0,L00-L03,explicit_layer,explicit layer column,sliding_window__budget128,969.0,0.13467685892981238,user,11
6327.0,0,L00-L03,explicit_layer,explicit layer column,sliding_window__budget128,1413.0,0.18255813953488373,user,12
6282.0,0,L00-L03,explicit_layer,explicit layer column,sliding_window__budget128,1658.0,0.20881612090680102,user,13
6324.0,0,L00-L03,explicit_layer,explicit layer column,sliding_window__budget128,1999.0,0.2401778204974168,user,14
6307.0,0,L00-L03,explicit_layer,explicit layer column,sliding_window__budget128,2135.0,0.25290215588723053,user,15
6473.0,0,L00-L03,explicit_layer,explicit layer column,sliding_window__budget128,2735.0,0.2970243266724587,user,16
6342.0,0,L00-L03,explicit_layer,explicit layer column,sliding_window__budget128,2785.0,0.30513859975895696,user,17
6322.0,0,L00-L03,explicit_layer,explicit layer column,sliding_window__budget128,3264.0,0.34049655747965785,user,18
6248.0,0,L00-L03,explicit_layer,explicit layer column,sliding_window__budget128,3420.0,0.3537443111294994,user,19
6225.0,0,L00-L03,explicit_layer,explicit layer column,sliding_window__budget128,3735.0,0.375,user,20
6164.0,0,L00-L03,explicit_layer,explicit layer column,sliding_window__budget128,4136.0,0.4015533980582524,user,21
6135.0,0,L00-L03,explicit_layer,explicit layer column,sliding_window__budget128,4481.0,0.4220987189148455,user,22
6011.0,0,L00-L03,explicit_layer,explicit layer column,sliding_window__budget128,3981.0,0.3984187349879904,user,23
6170.0,0,L00-L03,explicit_layer,explicit layer column,sliding_window__budget128,5745.0,0.48216533780948384,user,24
6010.0,0,L00-L03,explicit_layer,explicit layer column,sliding_window__budget128,5637.0,0.4839872928651155,user,25
5943.0,0,L00-L03,explicit_layer,explicit layer column,sliding_window__budget128,5788.0,0.49339357258545735,user,26
5837.0,0,L00-L03,explicit_layer,explicit layer column,sliding_window__budget128,6297.0,0.5189550024723917,user,27
5645.0,0,L00-L03,explicit_layer,explicit layer column,sliding_window__budget128,6801.0,0.5464406234934919,user,28
5486.0,0,L00-L03,explicit_layer,explicit layer column,sliding_window__budget128,7043.0,0.5621358448399713,user,29
5419.0,0,L00-L03,explicit_layer,explicit layer column,sliding_window__budget128,7673.0,0.5860831041857623,user,30
5210.0,0,L00-L03,explicit_layer,explicit layer column,sliding_window__budget128,7139.0,0.5781034901611467,user,31
5011.0,0,L00-L03,explicit_layer,explicit layer column,sliding_window__budget128,9085.0,0.6445090805902384,user,32
4840.0,0,L00-L03,explicit_layer,explicit layer column,sliding_window__budget128,8732.0,0.6433834364868848,user,33
4741.0,0,L00-L03,explicit_layer,explicit layer column,sliding_window__budget128,8876.0,0.6518322684879195,user,34
4651.0,0,L00-L03,explicit_layer,explicit layer column,sliding_window__budget128,8627.0,0.6497213435758398,user,35
4448.0,0,L00-L03,explicit_layer,explicit layer column,sliding_window__budget128,10211.0,0.6965686608909203,user,36
4165.0,0,L00-L03,explicit_layer,explicit layer column,sliding_window__budget128,10047.0,0.7069377990430622,user,37
3853.0,0,L00-L03,explicit_layer,explicit layer column,sliding_window__budget128,10305.0,0.7278570419550784,user,38
3632.0,0,L00-L03,explicit_layer,explicit layer column,sliding_window__budget128,10382.0,0.7408305979734551,user,39
3390.0,0,L00-L03,explicit_layer,explicit layer column,sliding_window__budget128,11641.0,0.7744661033863349,user,40
2961.0,0,L00-L03,explicit_layer,explicit layer column,sliding_window__budget128,11003.0,0.7879547407619594,user,41
2493.0,0,L00-L03,explicit_layer,explicit layer column,sliding_window__budget128,11241.0,0.8184796854521625,user,42
2193.0,0,L00-L03,explicit_layer,explicit layer column,sliding_window__budget128,9939.0,0.8192383778437191,user,43
1818.0,0,L00-L03,explicit_layer,explicit layer column,sliding_window__budget128,9758.0,0.8429509329647547,user,44
1009.0,0,L00-L03,explicit_layer,explicit layer column,sliding_window__budget128,8894.0,0.8981116833282844,user,45
384.0,0,L00-L03,explicit_layer,explicit layer column,sliding_window__budget128,6649.0,0.9454002559363003,user,46
0.0,0,L00-L03,explicit_layer,explicit layer column,sliding_window__budget128,4322.0,1.0,user,47
4343.0,0,L00-L03,explicit_layer,explicit layer column,user_pinned__budget128__sink8,111.0,0.024921418949259092,system,0
3180.0,0,L00-L03,explicit_layer,explicit layer column,user_pinned__budget128__sink8,3553.0,0.5276993910589634,system,1
2102.0,0,L00-L03,explicit_layer,explicit layer column,user_pinned__budget128__sink8,5094.0,0.707893274041134,system,2
1758.0,0,L00-L03,explicit_layer,explicit layer column,user_pinned__budget128__sink8,6941.0,0.7979078054948845,system,3
1487.0,0,L00-L03,explicit_layer,explicit layer column,user_pinned__budget128__sink8,7510.0,0.8347226853395576,system,4
1179.0,0,L00-L03,explicit_layer,explicit layer column,user_pinned__budget128__sink8,7158.0,0.8585822238215185,system,5
902.0,0,L00-L03,explicit_layer,explicit layer column,user_pinned__budget128__sink8,7703.0,0.895177222545032,system,6
800.0,0,L00-L03,explicit_layer,explicit layer column,user_pinned__budget128__sink8,6961.0,0.8969204999355753,system,7
723.0,0,L00-L03,explicit_layer,explicit layer column,user_pinned__budget128__sink8,7172.0,0.9084230525649145,system,8
602.0,0,L00-L03,explicit_layer,explicit layer column,user_pinned__budget128__sink8,6626.0,0.9167127836192585,system,9
500.0,0,L00-L03,explicit_layer,explicit layer column,user_pinned__budget128__sink8,6330.0,0.9267935578330894,system,10
441.0,0,L00-L03,explicit_layer,explicit layer column,user_pinned__budget128__sink8,5249.0,0.9224956063268893,system,11
382.0,0,L00-L03,explicit_layer,explicit layer column,user_pinned__budget128__sink8,6165.0,0.9416526653429051,system,12
255.0,0,L00-L03,explicit_layer,explicit layer column,user_pinned__budget128__sink8,5144.0,0.952769031302093,system,13
162.0,0,L00-L03,explicit_layer,explicit layer column,user_pinned__budget128__sink8,4907.0,0.9680410337344644,system,14
68.0,0,L00-L03,explicit_layer,explicit layer column,user_pinned__budget128__sink8,4270.0,0.9843245735361917,system,15
4.0,0,L00-L03,explicit_layer,explicit layer column,user_pinned__budget128__sink8,5112.0,0.9992181391712275,system,16
0.0,0,L00-L03,explicit_layer,explicit layer column,user_pinned__budget128__sink8,3865.0,1.0,system,17
0.0,0,L00-L03,explicit_layer,explicit layer column,user_pinned__budget128__sink8,3990.0,1.0,system,18
0.0,0,L00-L03,explicit_layer,explicit layer column,user_pinned__budget128__sink8,3024.0,1.0,system,19
0.0,0,L00-L03,explicit_layer,explicit layer column,user_pinned__budget128__sink8,2924.0,1.0,system,20
0.0,0,L00-L03,explicit_layer,explicit layer column,user_pinned__budget128__sink8,2733.0,1.0,system,21
0.0,0,L00-L03,explicit_layer,explicit layer column,user_pinned__budget128__sink8,2361.0,1.0,system,22
0.0,0,L00-L03,explicit_layer,explicit layer column,user_pinned__budget128__sink8,1887.0,1.0,system,23
0.0,0,L00-L03,explicit_layer,explicit layer column,user_pinned__budget128__sink8,2263.0,1.0,system,24
0.0,0,L00-L03,explicit_layer,explicit layer column,user_pinned__budget128__sink8,1799.0,1.0,system,25
0.0,0,L00-L03,explicit_layer,explicit layer column,user_pinned__budget128__sink8,1650.0,1.0,system,26
0.0,0,L00-L03,explicit_layer,explicit layer column,user_pinned__budget128__sink8,1492.0,1.0,system,27
0.0,0,L00-L03,explicit_layer,explicit layer column,user_pinned__budget128__sink8,1354.0,1.0,system,28
0.0,0,L00-L03,explicit_layer,explicit layer column,user_pinned__budget128__sink8,1199.0,1.0,system,29
0.0,0,L00-L03,explicit_layer,explicit layer column,user_pinned__budget128__sink8,1137.0,1.0,system,30
0.0,0,L00-L03,explicit_layer,explicit layer column,user_pinned__budget128__sink8,862.0,1.0,system,31
0.0,0,L00-L03,explicit_layer,explicit layer column,user_pinned__budget128__sink8,836.0,1.0,system,32
0.0,0,L00-L03,explicit_layer,explicit layer column,user_pinned__budget128__sink8,578.0,1.0,system,33
0.0,0,L00-L03,explicit_layer,explicit layer column,user_pinned__budget128__sink8,486.0,1.0,system,34
0.0,0,L00-L03,explicit_layer,explicit layer column,user_pinned__budget128__sink8,275.0,1.0,system,35
0.0,0,L00-L03,explicit_layer,explicit layer column,user_pinned__budget128__sink8,205.0,1.0,system,36
0.0,0,L00-L03,explicit_layer,explicit layer column,user_pinned__budget128__sink8,85.0,1.0,system,37
0.0,0,L00-L03,explicit_layer,explicit layer column,user_pinned__budget128__sink8,31.0,1.0,system,38
0.0,0,L00-L03,explicit_layer,explicit layer column,user_pinned__budget128__sink8,5.0,1.0,system,39
1825.0,0,L00-L03,explicit_layer,explicit layer column,user_pinned__budget128__sink8,9955.0,0.8450764006791172,template,0
557.0,0,L00-L03,explicit_layer,explicit layer column,user_pinned__budget128__sink8,5038.0,0.9004468275245755,template,1
630.0,0,L00-L03,explicit_layer,explicit layer column,user_pinned__budget128__sink8,2681.0,0.8097251585623678,template,2
248.0,0,L00-L03,explicit_layer,explicit layer column,user_pinned__budget128__sink8,285.0,0.5347091932457786,template,3
148.0,0,L00-L03,explicit_layer,explicit layer column,user_pinned__budget128__sink8,0.0,0.0,template,4
208.0,0,L00-L03,explicit_layer,explicit layer column,user_pinned__budget128__sink8,7.0,0.03255813953488372,template,5
142.0,0,L00-L03,explicit_layer,explicit layer column,user_pinned__budget128__sink8,71.0,0.3333333333333333,template,6
60.0,0,L00-L03,explicit_layer,explicit layer column,user_pinned__budget128__sink8,312.0,0.8387096774193549,template,7
51.0,0,L00-L03,explicit_layer,explicit layer column,user_pinned__budget128__sink8,559.0,0.9163934426229509,template,8
55.0,0,L00-L03,explicit_layer,explicit layer column,user_pinned__budget128__sink8,768.0,0.9331713244228432,template,9
48.0,0,L00-L03,explicit_layer,explicit layer column,user_pinned__budget128__sink8,913.0,0.9500520291363164,template,10
24.0,0,L00-L03,explicit_layer,explicit layer column,user_pinned__budget128__sink8,889.0,0.9737130339539978,template,11
35.0,0,L00-L03,explicit_layer,explicit layer column,user_pinned__budget128__sink8,1094.0,0.9689991142604074,template,12
53.0,0,L00-L03,explicit_layer,explicit layer column,user_pinned__budget128__sink8,1043.0,0.9516423357664233,template,13
71.0,0,L00-L03,explicit_layer,explicit layer column,user_pinned__budget128__sink8,970.0,0.9317963496637848,template,14
81.0,0,L00-L03,explicit_layer,explicit layer column,user_pinned__budget128__sink8,888.0,0.9164086687306502,template,15
57.0,0,L00-L03,explicit_layer,explicit layer column,user_pinned__budget128__sink8,1176.0,0.9537712895377128,template,16
0.0,0,L00-L03,explicit_layer,explicit layer column,user_pinned__budget128__sink8,1255.0,1.0,template,17
0.0,0,L00-L03,explicit_layer,explicit layer column,user_pinned__budget128__sink8,1482.0,1.0,template,18
0.0,0,L00-L03,explicit_layer,explicit layer column,user_pinned__budget128__sink8,1527.0,1.0,template,19
0.0,0,L00-L03,explicit_layer,explicit layer column,user_pinned__budget128__sink8,1770.0,1.0,template,20
0.0,0,L00-L03,explicit_layer,explicit layer column,user_pinned__budget128__sink8,1594.0,1.0,template,21
0.0,0,L00-L03,explicit_layer,explicit layer column,user_pinned__budget128__sink8,1772.0,1.0,template,22
0.0,0,L00-L03,explicit_layer,explicit layer column,user_pinned__budget128__sink8,1017.0,1.0,template,23
0.0,0,L00-L03,explicit_layer,explicit layer column,user_pinned__budget128__sink8,1832.0,1.0,template,24
0.0,0,L00-L03,explicit_layer,explicit layer column,user_pinned__budget128__sink8,1250.0,1.0,template,25
0.0,0,L00-L03,explicit_layer,explicit layer column,user_pinned__budget128__sink8,1033.0,1.0,template,26
0.0,0,L00-L03,explicit_layer,explicit layer column,user_pinned__budget128__sink8,932.0,1.0,template,27
0.0,0,L00-L03,explicit_layer,explicit layer column,user_pinned__budget128__sink8,781.0,1.0,template,28
0.0,0,L00-L03,explicit_layer,explicit layer column,user_pinned__budget128__sink8,662.0,1.0,template,29
0.0,0,L00-L03,explicit_layer,explicit layer column,user_pinned__budget128__sink8,686.0,1.0,template,30
0.0,0,L00-L03,explicit_layer,explicit layer column,user_pinned__budget128__sink8,381.0,1.0,template,31
0.0,0,L00-L03,explicit_layer,explicit layer column,user_pinned__budget128__sink8,516.0,1.0,template,32
0.0,0,L00-L03,explicit_layer,explicit layer column,user_pinned__budget128__sink8,496.0,1.0,template,33
0.0,0,L00-L03,explicit_layer,explicit layer column,user_pinned__budget128__sink8,385.0,1.0,template,34
0.0,0,L00-L03,explicit_layer,explicit layer column,user_pinned__budget128__sink8,407.0,1.0,template,35
0.0,0,L00-L03,explicit_layer,explicit layer column,user_pinned__budget128__sink8,390.0,1.0,template,36
0.0,0,L00-L03,explicit_layer,explicit layer column,user_pinned__budget128__sink8,346.0,1.0,template,37
0.0,0,L00-L03,explicit_layer,explicit layer column,user_pinned__budget128__sink8,259.0,1.0,template,38
0.0,0,L00-L03,explicit_layer,explicit layer column,user_pinned__budget128__sink8,182.0,1.0,template,39
0.0,0,L00-L03,explicit_layer,explicit layer column,user_pinned__budget128__sink8,101.0,1.0,template,40
0.0,0,L00-L03,explicit_layer,explicit layer column,user_pinned__budget128__sink8,214.0,1.0,template,41
0.0,0,L00-L03,explicit_layer,explicit layer column,user_pinned__budget128__sink8,1161.0,1.0,template,42
0.0,0,L00-L03,explicit_layer,explicit layer column,user_pinned__budget128__sink8,2221.0,1.0,template,43
0.0,0,L00-L03,explicit_layer,explicit layer column,user_pinned__budget128__sink8,3000.0,1.0,template,44
0.0,0,L00-L03,explicit_layer,explicit layer column,user_pinned__budget128__sink8,5074.0,1.0,template,45
56.0,0,L00-L03,explicit_layer,explicit layer column,user_pinned__budget128__sink8,8100.0,0.9931338891613536,template,46
2061.0,0,L00-L03,explicit_layer,explicit layer column,user_pinned__budget128__sink8,4175.0,0.6694996792815907,template,47
0.0,0,L00-L03,explicit_layer,explicit layer column,user_pinned__budget128__sink8,687.0,1.0,user,0
57.0,0,L00-L03,explicit_layer,explicit layer column,user_pinned__budget128__sink8,2751.0,0.9797008547008547,user,1
681.0,0,L00-L03,explicit_layer,explicit layer column,user_pinned__budget128__sink8,3576.0,0.8400281888653982,user,2
1215.0,0,L00-L03,explicit_layer,explicit layer column,user_pinned__budget128__sink8,4033.0,0.768483231707317,user,3
1663.0,0,L00-L03,explicit_layer,explicit layer column,user_pinned__budget128__sink8,3907.0,0.7014362657091562,user,4
2021.0,0,L00-L03,explicit_layer,explicit layer column,user_pinned__budget128__sink8,3654.0,0.6438766519823789,user,5
2299.0,0,L00-L03,explicit_layer,explicit layer column,user_pinned__budget128__sink8,3729.0,0.6186131386861314,user,6
2613.0,0,L00-L03,explicit_layer,explicit layer column,user_pinned__budget128__sink8,3479.0,0.5710768220617203,user,7
3094.0,0,L00-L03,explicit_layer,explicit layer column,user_pinned__budget128__sink8,3243.0,0.5117563515859239,user,8
3417.0,0,L00-L03,explicit_layer,explicit layer column,user_pinned__budget128__sink8,3193.0,0.48305597579425114,user,9
3621.0,0,L00-L03,explicit_layer,explicit layer column,user_pinned__budget128__sink8,3284.0,0.47559739319333816,user,10
3931.0,0,L00-L03,explicit_layer,explicit layer column,user_pinned__budget128__sink8,3264.0,0.45364836692147326,user,11
4222.0,0,L00-L03,explicit_layer,explicit layer column,user_pinned__budget128__sink8,3518.0,0.4545219638242894,user,12
4346.0,0,L00-L03,explicit_layer,explicit layer column,user_pinned__budget128__sink8,3594.0,0.45264483627204033,user,13
4404.0,0,L00-L03,explicit_layer,explicit layer column,user_pinned__budget128__sink8,3919.0,0.47086387120028833,user,14
4422.0,0,L00-L03,explicit_layer,explicit layer column,user_pinned__budget128__sink8,4020.0,0.47619047619047616,user,15
4562.0,0,L00-L03,explicit_layer,explicit layer column,user_pinned__budget128__sink8,4646.0,0.5045612510860121,user,16
4679.0,0,L00-L03,explicit_layer,explicit layer column,user_pinned__budget128__sink8,4448.0,0.48734523939958363,user,17
5027.0,0,L00-L03,explicit_layer,explicit layer column,user_pinned__budget128__sink8,4559.0,0.4755894012100981,user,18
5245.0,0,L00-L03,explicit_layer,explicit layer column,user_pinned__budget128__sink8,4423.0,0.4574886222589988,user,19
5315.0,0,L00-L03,explicit_layer,explicit layer column,user_pinned__budget128__sink8,4645.0,0.4663654618473896,user,20
5371.0,0,L00-L03,explicit_layer,explicit layer column,user_pinned__budget128__sink8,4929.0,0.4785436893203884,user,21
5469.0,0,L00-L03,explicit_layer,explicit layer column,user_pinned__budget128__sink8,5147.0,0.48483421250941977,user,22
5534.0,0,L00-L03,explicit_layer,explicit layer column,user_pinned__budget128__sink8,4458.0,0.44615692554043235,user,23
5831.0,0,L00-L03,explicit_layer,explicit layer column,user_pinned__budget128__sink8,6084.0,0.5106168694922367,user,24
5800.0,0,L00-L03,explicit_layer,explicit layer column,user_pinned__budget128__sink8,5847.0,0.502017686958015,user,25
5842.0,0,L00-L03,explicit_layer,explicit layer column,user_pinned__budget128__sink8,5889.0,0.5020032392805387,user,26
5953.0,0,L00-L03,explicit_layer,explicit layer column,user_pinned__budget128__sink8,6181.0,0.509395088181968,user,27
5997.0,0,L00-L03,explicit_layer,explicit layer column,user_pinned__budget128__sink8,6449.0,0.5181584444801542,user,28
5997.0,0,L00-L03,explicit_layer,explicit layer column,user_pinned__budget128__sink8,6532.0,0.5213504669167531,user,29
6064.0,0,L00-L03,explicit_layer,explicit layer column,user_pinned__budget128__sink8,7028.0,0.5368163764130767,user,30
6004.0,0,L00-L03,explicit_layer,explicit layer column,user_pinned__budget128__sink8,6345.0,0.5138067859745729,user,31
6161.0,0,L00-L03,explicit_layer,explicit layer column,user_pinned__budget128__sink8,7935.0,0.5629256526674233,user,32
6152.0,0,L00-L03,explicit_layer,explicit layer column,user_pinned__budget128__sink8,7420.0,0.5467138225758915,user,33
6167.0,0,L00-L03,explicit_layer,explicit layer column,user_pinned__budget128__sink8,7450.0,0.5471102298597341,user,34
6152.0,0,L00-L03,explicit_layer,explicit layer column,user_pinned__budget128__sink8,7126.0,0.5366772104232566,user,35
6267.0,0,L00-L03,explicit_layer,explicit layer column,user_pinned__budget128__sink8,8392.0,0.5724810696500443,user,36
6234.0,0,L00-L03,explicit_layer,explicit layer column,user_pinned__budget128__sink8,7978.0,0.5613566000562905,user,37
6248.0,0,L00-L03,explicit_layer,explicit layer column,user_pinned__budget128__sink8,7910.0,0.5586947308941941,user,38
6260.0,0,L00-L03,explicit_layer,explicit layer column,user_pinned__budget128__sink8,7754.0,0.5533038390181247,user,39
6330.0,0,L00-L03,explicit_layer,explicit layer column,user_pinned__budget128__sink8,8701.0,0.5788703346417404,user,40
6332.0,0,L00-L03,explicit_layer,explicit layer column,user_pinned__budget128__sink8,7632.0,0.5465482669722143,user,41
6404.0,0,L00-L03,explicit_layer,explicit layer column,user_pinned__budget128__sink8,7330.0,0.5337119557303044,user,42
6416.0,0,L00-L03,explicit_layer,explicit layer column,user_pinned__budget128__sink8,5716.0,0.4711506758984504,user,43
6448.0,0,L00-L03,explicit_layer,explicit layer column,user_pinned__budget128__sink8,5128.0,0.4429854872149274,user,44
6484.0,0,L00-L03,explicit_layer,explicit layer column,user_pinned__budget128__sink8,3419.0,0.3452489144703625,user,45
6480.0,0,L00-L03,explicit_layer,explicit layer column,user_pinned__budget128__sink8,553.0,0.07862931892506754,user,46
4322.0,0,L00-L03,explicit_layer,explicit layer column,user_pinned__budget128__sink8,0.0,0.0,user,47
